MANDT,MBLNR,BLART,AEDAT,USNAM
SC1,dee11d27-61ef-4c9e-be7e-21bc8343181b,GOODSISSUE,2009-10-06 14:02:36,Marcela Ye
SC1,2fd61d5a-1562-4e4e-bdda-3b26e4c5d8fd,GOODSISSUE,2010-05-20 01:02:20,Orville Sheilds
SC1,f2bb77b4-0618-468a-8bad-8f86ca9a4a93,GOODSISSUE,2018-12-20 22:13:44,Marcela Ye
SC1,d27e16ca-88f6-4b76-862b-7e883aabb343,GOODSISSUE,2014-06-10 13:20:02,BATCH_JOB
SC1,55b07ed8-80d7-4d52-9c2f-1083ce7d06ed,GOODSISSUE,2015-08-19 00:25:26,Luisa Solar
SC1,26aca839-a8a1-4e2d-b942-f6d0c8ad1974,GOODSISSUE,2017-12-11 08:57:23,Emilio Sones
SC1,b0743fb9-9742-49ab-9bd3-8d392b07f5d8,GOODSISSUE,2017-12-12 08:57:23,Tyree Decastro
SC1,0cd00cf3-12f7-4290-bce5-8cb605e16e4c,GOODSISSUE,2014-04-15 07:50:00,Marcela Ye
SC1,51dda498-5327-4e11-a046-5372c66e5beb,GOODSISSUE,2018-02-26 17:15:54,Cherryl Vandine
SC1,b4d92ee7-0e37-4563-ba6b-c6916ceba9d7,GOODSISSUE,2010-07-23 21:53:49,Irene Llanas
SC1,7df6b240-c605-4a76-be6e-0a6183a3030f,GOODSISSUE,2016-07-26 02:06:25,Suellen Noecker
SC1,27b056d1-a1c9-452a-bd60-4a61935101ca,GOODSISSUE,2010-11-11 15:24:27,Karri Ptacek
SC1,8ae152ef-86cc-4451-a24d-eaf55e00a240,GOODSISSUE,2012-02-19 05:02:13,Alejandro Atwood
SC1,486d5e49-a811-4353-99af-eacf52624659,GOODSISSUE,2009-10-26 01:58:57,Ceola Harry
SC1,a9565b6b-a05e-4f8c-91a4-cc64b746ca10,GOODSISSUE,2013-09-24 12:55:39,Sharyn Laxton
SC1,fa466623-251e-4a6e-b282-93d2a06cb079,GOODSISSUE,2010-12-06 01:29:12,Emmie Schuldt
SC1,42bd6039-caaf-4768-ba63-aaf102abfd6a,GOODSISSUE,2010-12-03 01:29:12,Sharyn Laxton
SC1,2cde3b60-1062-4fab-b627-5de9be497e4d,GOODSISSUE,2019-10-16 18:53:09,Lillian Wheaton
SC1,17ad18a3-5159-4980-85fc-633cb8a3e055,GOODSISSUE,2012-09-09 22:57:48,Lawerence Pintor
SC1,d2b99758-df91-4afc-af3a-66de3a1e139c,GOODSISSUE,2012-09-09 22:57:48,Jamie Mcclellan
SC1,eecd2f99-cbe8-4fbf-945a-186229b2110a,GOODSISSUE,2011-01-27 09:41:23,Rachel Onorato
SC1,232392f9-6782-4ac3-b3e0-d4a2e52da436,GOODSISSUE,2016-03-12 15:31:44,Arletta Landen
SC1,6a22abae-6808-4ae9-9cf4-a0116d45224f,GOODSISSUE,2018-12-01 13:50:01,Tyree Decastro
SC1,581fd8a6-fbd4-4b7d-b3ab-de44a63885f3,GOODSISSUE,2014-12-26 13:09:47,Francina Bevington
SC1,346048c9-a275-443a-8247-d28a5ff1e8c5,GOODSISSUE,2013-07-12 11:44:35,Gloria Ashburn
SC1,d20d5015-c940-449a-a180-3d04e196df45,GOODSISSUE,2018-07-03 12:28:13,Gloria Ashburn
SC1,e1a1fdfd-c9d9-4d3e-b5db-34562a75dd7f,GOODSISSUE,2018-03-31 10:26:07,Felice Cover
SC1,64724546-c824-4807-b503-9546feb83ba7,GOODSISSUE,2019-03-06 20:46:43,Cherryl Vandine
SC1,ba02b926-126a-44ec-8fab-e17d12578515,GOODSISSUE,2013-09-22 16:35:20,Orville Sheilds
SC1,c16c8751-dddd-4fee-bbdc-130eec20b5d0,GOODSISSUE,2010-11-26 18:00:48,Toby Narvaez
SC1,a2e8c19e-4cbb-4557-bf7f-f41e209b285a,GOODSISSUE,2018-04-30 17:01:13,Lora Rieder
SC1,f725d44e-844e-46fc-af73-b46762e32e96,GOODSISSUE,2015-02-22 10:32:07,Luisa Solar
SC1,1dee724a-79de-48a8-ab40-e50de8c2adff,GOODSISSUE,2013-04-22 05:48:14,Cherryl Vandine
SC1,40b35e9c-f6ac-4e15-8184-b3d3f3502176,GOODSISSUE,2018-04-10 20:28:44,Roy Ortego
SC1,f29254a5-58b5-4dd2-a4d1-876b39ea29f4,GOODSISSUE,2012-01-16 10:01:57,Lang Winkler
SC1,fbaaa35d-5eee-4138-9e2e-847b78c7b3e8,GOODSISSUE,2019-03-04 07:03:02,Tyree Decastro
SC1,b63301e4-a826-48cb-a437-69c40ac395f1,GOODSISSUE,2012-03-07 02:43:22,Kristen Eckhoff
SC1,0cf9a0ef-27f9-4da9-906d-4492ffba9d2f,GOODSISSUE,2017-01-22 09:52:05,BATCH_JOB
SC1,3ff0ddd5-9947-411e-a1a3-3c729eeeee0f,GOODSISSUE,2017-11-22 10:18:04,Rona Hennis
SC1,1689025e-a999-411e-bf00-5d988eb952a6,GOODSISSUE,2011-08-28 04:05:02,Luisa Solar
SC1,2b968f2a-c3f1-4e60-a7b7-76c6a5677185,GOODSISSUE,2019-05-18 10:18:03,Margene Hamil
SC1,2d71e6e0-6b54-4b6e-92c6-afe922973708,GOODSISSUE,2018-09-15 21:36:30,Lucina Boyers
SC1,3aed4655-23f9-4aaa-b042-84fe124229a9,GOODSISSUE,2018-09-12 21:36:30,Tasia Snelgrove
SC1,97aff54a-187b-426a-a694-dba8ec3912d2,GOODSISSUE,2013-08-11 00:32:41,Ward Weckerly
SC1,d496a0fb-2a21-4984-bc08-6fac8d5383d1,GOODSISSUE,2012-01-11 08:37:29,Felice Cover
SC1,db840ae0-f638-46ff-bbcd-99f6641c3e68,GOODSISSUE,2013-12-09 15:45:05,BATCH_JOB
SC1,357bab8f-af77-49c2-9e35-b96ffad7b236,GOODSISSUE,2013-01-02 13:34:37,Toby Narvaez
SC1,2ef0a38b-6293-4dfa-8ab9-af9136de309a,GOODSISSUE,2014-04-24 23:15:37,Ward Weckerly
SC1,8a76fe02-8129-4d9d-a77e-3281c04520fc,GOODSISSUE,2014-02-07 04:03:22,Lillian Wheaton
SC1,c640b891-e5ce-4ebb-b979-459b3c1de144,GOODSISSUE,2015-07-15 16:20:41,Alvin Malin
SC1,42f1e62f-3e9f-428f-871b-245cba6ff99c,GOODSISSUE,2014-11-04 02:18:15,Cher Ehrmann
SC1,8a15597b-b627-4d95-aa1e-fe756b0c005d,GOODSISSUE,2019-02-18 14:40:00,Anna Hulings
SC1,4c874af1-0403-495c-bcbe-08626cf296da,GOODSISSUE,2014-02-04 06:22:48,Lang Winkler
SC1,a623eae8-3b54-4fb6-9bac-17971affad37,GOODSISSUE,2010-05-18 11:35:25,Melissia Kreidler
SC1,1fee03e8-3911-4db8-b9b7-f0ae74e40cf2,GOODSISSUE,2013-05-03 04:00:26,Alvin Malin
SC1,4e2ebabd-279a-4a15-a6b3-364e4b9b2f80,GOODSISSUE,2016-06-17 20:45:11,Lang Winkler
SC1,cc8adb20-5b12-4013-aa7b-728a5c3b454e,GOODSISSUE,2011-11-03 07:26:12,Alvin Malin
SC1,267e946c-0bdd-4618-bba0-04aa381dba3d,GOODSISSUE,2018-03-06 00:44:29,Bradford Amarante
SC1,c94f962b-9ef5-4bc1-9bbc-7340480fe843,GOODSISSUE,2010-07-17 00:18:23,Ward Weckerly
SC1,a83be36a-0e12-404a-a369-b4e8c4da3f22,GOODSISSUE,2011-04-06 18:05:17,Alvin Malin
SC1,a31b18f8-3af7-40a8-b480-2f7edfd53abd,GOODSISSUE,2012-02-06 18:50:00,Tyree Decastro
SC1,ddb071a3-ab31-4c34-9c59-5aab22e5caa5,GOODSISSUE,2011-11-06 18:49:22,Luisa Solar
SC1,e99a43a9-82d2-43e8-95d3-57b40a780146,GOODSISSUE,2016-01-14 01:41:35,Roy Ortego
SC1,b71004d1-d71e-4627-b20b-101e9ce5ad68,GOODSISSUE,2018-04-26 11:05:02,Anna Hulings
SC1,62dfc14b-2783-4343-b24a-2b9ca5841abe,GOODSISSUE,2011-05-23 16:12:37,Kristen Eckhoff
SC1,3e1dde13-763c-4bf9-bb9d-72210fd5cd53,GOODSISSUE,2018-05-19 14:08:23,Emilio Sones
SC1,b630ba0b-6704-4a0b-aa7a-dcb02aca3803,GOODSISSUE,2014-02-01 16:54:50,Bradford Amarante
SC1,9ae94e35-fbee-401c-ae42-fadd2562d146,GOODSISSUE,2018-10-25 20:18:29,Tasia Snelgrove
SC1,d4a622e4-482e-4a64-a06f-346dad9b0a38,GOODSISSUE,2020-01-21 19:37:22,Irene Llanas
SC1,79ce39c7-9a9a-458b-99d0-e4f2bb8caa68,GOODSISSUE,2018-05-13 22:23:14,Kenia Romine
SC1,5a4f37ac-5408-4367-96cf-b93b1674fae2,GOODSISSUE,2009-02-26 23:38:41,Dominica Kirkley
SC1,d9e60d8e-5d7a-45f1-a83d-2a5ba3afc96b,GOODSISSUE,2016-06-15 16:45:51,Irene Llanas
SC1,55d14c4f-31ec-4ff1-b801-dabb1f137fda,GOODSISSUE,2014-11-23 10:56:30,Tasia Snelgrove
SC1,8fd3adda-2701-422e-a2e0-8808f8846dec,GOODSISSUE,2019-11-26 01:24:47,Felice Cover
SC1,72530dd2-809f-4c7c-acd0-66251a60c20f,GOODSISSUE,2012-05-26 23:38:23,Sharyn Laxton
SC1,eced2451-bcb0-4fe5-a603-070e4a6edc47,GOODSISSUE,2012-05-27 23:38:23,Rona Hennis
SC1,bd89faf5-5119-4712-aca1-c34e3e272d13,GOODSISSUE,2010-02-15 09:27:20,Karri Ptacek
SC1,f1edc588-7c38-42a6-868c-dfa3e574e816,GOODSISSUE,2010-02-12 09:27:20,Jena Jeans
SC1,c7a3947b-4011-4c28-a151-9c6476688460,GOODSISSUE,2010-02-14 09:27:20,Orville Sheilds
SC1,7e698e72-da63-466a-8e81-321bb39ad8f8,GOODSISSUE,2010-05-21 12:00:20,BATCH_JOB
SC1,cb56cf80-4d2a-49e8-9cbe-06a5398d1de5,GOODSISSUE,2011-09-26 07:49:01,Ceola Harry
SC1,09c48138-24fc-4a44-8843-1dfa83201242,GOODSISSUE,2018-08-24 12:10:47,Marcela Ye
SC1,1613cc5b-9131-4372-b612-e790d0022394,GOODSISSUE,2011-08-14 00:08:07,Luisa Solar
SC1,aa6ccfea-d325-4cdf-865a-a4c787233ae7,GOODSISSUE,2017-08-05 04:29:03,Marcela Ye
SC1,2ff0caa6-4691-4bf0-aad8-f7b59ed2f352,GOODSISSUE,2016-09-23 09:54:44,Lucina Boyers
SC1,c7f37176-0ac9-4590-a3b3-b19ee093dd00,GOODSISSUE,2019-01-23 10:00:25,Anna Hulings
SC1,e4e6b2fc-556d-4f8c-a892-93ea8e009855,GOODSISSUE,2015-04-20 19:23:44,Dalila Proehl
SC1,234ae6a7-614f-43bb-a5ef-3c445fe25fc2,GOODSISSUE,2010-12-12 03:53:30,Alvin Malin
SC1,df4d7603-fd00-4ccf-bb30-170dd1aac7ab,GOODSISSUE,2013-08-19 03:11:54,Bradford Amarante
SC1,2d72363c-ecda-4976-aeea-8fbe9cadc577,GOODSISSUE,2014-05-22 11:12:42,Lillian Wheaton
SC1,b734787a-caac-452f-948f-8f90fd05bdd3,GOODSISSUE,2014-08-23 09:39:41,Cherryl Vandine
SC1,963a96f8-eb83-4dfe-b7be-d729470198f0,GOODSISSUE,2011-05-07 10:58:53,Ceola Harry
SC1,da4d86a1-eed5-4442-9cf2-5d899f0f14fc,GOODSISSUE,2009-04-19 18:19:03,Orville Sheilds
SC1,24e0f52d-aa1b-4f3d-927f-76e1405eca7f,GOODSISSUE,2013-11-05 19:07:00,Dalila Proehl
SC1,55fb9ff6-4340-41cc-9678-9ae2946ab3e8,GOODSISSUE,2016-03-22 09:28:25,Kenia Romine
SC1,ca31e2b7-3801-45a0-9b00-32adf6e9573e,GOODSISSUE,2016-03-22 09:28:25,BATCH_JOB
SC1,4d56d27e-f8f4-4c4c-84fe-e4c86dcde906,GOODSISSUE,2012-11-16 18:46:53,Rachel Onorato
SC1,2bf67ca9-9fd0-4327-b8fa-c038e7128726,GOODSISSUE,2016-01-18 05:47:39,Bradford Amarante
SC1,9cce63ba-898b-42d6-867e-f1fb116f4006,GOODSISSUE,2009-07-24 21:13:49,Rachel Onorato
SC1,ad3e2499-beac-424a-b19b-bf5ec8c9f337,GOODSISSUE,2013-10-26 07:41:27,Tasia Snelgrove
SC1,43e3149e-8898-4489-8296-7ed41d0828ea,GOODSISSUE,2019-02-16 17:17:25,Dalila Proehl
SC1,746a0919-ce00-4ce8-a6b7-b5cefb56e26f,GOODSISSUE,2012-07-25 20:25:33,Lang Winkler
SC1,d7a98962-4c1f-49cb-96a5-3e201eb56a83,GOODSISSUE,2011-01-31 08:51:02,Ward Weckerly
SC1,fee73e41-423e-4885-8773-553dd49006af,GOODSISSUE,2015-06-26 05:50:49,Karri Ptacek
SC1,666929a3-a2a8-469e-aae7-0bc686882b11,GOODSISSUE,2014-11-08 06:37:11,BATCH_JOB
SC1,5de9ed38-380a-4e36-98bb-e1019d8c1e81,GOODSISSUE,2013-06-23 22:20:15,Luisa Solar
SC1,04e179a6-c0fb-432d-a13a-5db7706bf29c,GOODSISSUE,2017-01-05 12:40:47,Lillian Wheaton
SC1,12779688-0719-4844-a660-09526c040859,GOODSISSUE,2013-12-14 20:01:18,Alejandro Atwood
SC1,35d5e7db-a805-4ffb-9995-3d8a523d3b55,GOODSISSUE,2019-09-22 14:03:17,Summer Fusaro
SC1,5b38b498-3cb1-442a-8199-d91c40494776,GOODSISSUE,2019-05-16 16:03:22,Emmie Schuldt
SC1,a4bd5bf1-ef78-43b3-8044-ce3fb708c12c,GOODSISSUE,2010-07-27 00:42:02,Kristen Eckhoff
SC1,a57905b8-9cad-4bd5-8783-dbf71bfc8362,GOODSISSUE,2014-12-08 13:12:55,Marita Creagh
SC1,cbafc6b2-a3ee-4008-9277-81303fca35c6,GOODSISSUE,2015-01-21 17:56:30,Karri Ptacek
SC1,92775675-b277-468f-be4c-3660ebac21e2,GOODSISSUE,2018-10-04 01:46:50,Lang Winkler
SC1,061d8982-d481-49cd-8e72-5b4c1b08449a,GOODSISSUE,2014-05-18 08:43:26,Lillian Wheaton
SC1,94b3b35c-94be-4b2f-ba6c-0c2dde0c9ef6,GOODSISSUE,2016-07-13 16:37:41,Margene Hamil
SC1,7724ba7b-e39e-4c13-8fad-cd7924589463,GOODSISSUE,2010-05-25 10:38:55,Melissia Kreidler
SC1,01fbfd71-061c-440a-be42-7bab9966aabc,GOODSISSUE,2016-03-21 05:21:41,Rona Hennis
SC1,4e7f3e37-1714-418a-b4de-7507647a58e6,GOODSISSUE,2016-05-12 12:06:41,Francina Bevington
SC1,1e0d4125-ea0a-4c9c-b34f-ebf66713bbf5,GOODSISSUE,2019-10-27 16:46:12,Dalila Proehl
SC1,39814319-785f-4f84-814f-b70c58d7f496,GOODSISSUE,2015-10-24 00:42:26,Kristen Eckhoff
SC1,f9df6aa6-6fc9-46c1-84a2-c1a4cacfb11d,GOODSISSUE,2013-03-30 03:16:48,Arletta Landen
SC1,75df80a2-022b-4656-90bc-0cf39d198df0,GOODSISSUE,2011-04-20 04:13:42,Alfonso Wernick
SC1,87f3ed4b-95da-413a-8569-03e0734e935d,GOODSISSUE,2013-11-06 00:41:43,Orville Sheilds
SC1,d8dc650b-96b3-47a1-be4e-c5699e92891d,GOODSISSUE,2009-10-20 12:02:07,Lawerence Pintor
SC1,5ca0c3b6-4bce-4373-8f39-b9c624cd808d,GOODSISSUE,2018-08-28 10:26:50,Dalila Proehl
SC1,df090c1d-0d9e-4b13-9db3-790fe8fe13ba,GOODSISSUE,2017-09-27 04:42:00,Felice Cover
SC1,f529243f-0797-4997-b746-0a4e33690cf8,GOODSISSUE,2010-02-04 14:26:02,Marita Creagh
SC1,22957be7-d64d-48ea-8f51-2e58eb101b66,GOODSISSUE,2009-10-19 12:05:51,Lessie Scheck
SC1,7716ddb3-70a6-4178-9232-e21ed709a1c2,GOODSISSUE,2011-11-12 03:40:23,Yanira Gottfried
SC1,ae338be4-0435-454b-bce4-a48f4979224a,GOODSISSUE,2015-09-09 04:14:54,Arletta Landen
SC1,1cec2200-51bf-4158-8d58-1e3c6f642fd0,GOODSISSUE,2016-04-14 05:26:07,Ward Weckerly
SC1,0c701d98-589b-4f2e-aba8-05bb507e79af,GOODSISSUE,2018-09-21 03:59:56,Emilio Sones
SC1,908af133-faf4-4fa8-82f4-1bb83c02b6f2,GOODSISSUE,2017-08-17 10:20:42,Emilio Sones
SC1,89a58243-e92e-4a2b-8e47-161ba13604d0,GOODSISSUE,2014-06-07 10:46:52,Lavonna Haymon
SC1,e713f5ee-603b-480c-8b4f-bacd94574798,GOODSISSUE,2017-09-23 09:30:04,Alvin Malin
SC1,80be388d-685e-4332-b790-a910600fa19d,GOODSISSUE,2014-08-26 09:02:29,Tasia Snelgrove
SC1,4d127e69-0f5a-420d-8553-d95c3bb495d1,GOODSISSUE,2010-05-03 08:09:34,Jamie Mcclellan
SC1,2bcc9c88-d2fc-4c58-8759-354bff3db2c5,GOODSISSUE,2018-03-16 01:38:27,Melissia Kreidler
SC1,9c20ef8d-7168-4bb2-918c-95e12d1f7005,GOODSISSUE,2009-11-16 18:58:28,Margene Hamil
SC1,a030a8ab-e44c-4e0a-8005-0bfcac0724b1,GOODSISSUE,2009-11-12 18:58:28,Ceola Harry
SC1,99279b3d-b765-435e-bfb7-6a389207e423,GOODSISSUE,2018-12-19 21:57:01,Alejandro Atwood
SC1,a2956dad-4caa-4684-b531-db4e06c46f3f,GOODSISSUE,2015-02-04 21:02:36,Dominica Kirkley
SC1,925e97fc-7f90-43d5-ae99-07188b8718e6,GOODSISSUE,2018-08-31 16:57:06,Leontine Sifford
SC1,65e497e8-819a-43c2-a023-b7c5ac3c4c22,GOODSISSUE,2011-04-19 11:07:25,Tasia Snelgrove
SC1,6a77b85f-a5be-4f58-be3a-c5885b7bbad3,GOODSISSUE,2011-04-20 11:07:25,Alejandro Atwood
SC1,a1b4f5a5-f697-4897-ada9-e43c40cd0f87,GOODSISSUE,2017-11-18 05:48:16,Rona Hennis
SC1,7bf3638d-db3e-4b8c-a30a-f1531245f4b4,GOODSISSUE,2017-04-25 15:08:33,Gloria Ashburn
SC1,e368cb9f-caca-402b-aabd-4b669c270f16,GOODSISSUE,2018-11-14 10:32:10,Arletta Landen
SC1,bbab4597-86f3-4ae4-993c-bc47f53cd73a,GOODSISSUE,2011-07-03 11:50:36,Dalila Proehl
SC1,516ce304-cb96-48b4-bebf-7cab48a29fe5,GOODSISSUE,2012-08-20 14:18:17,Karri Ptacek
SC1,2de8390d-7677-4b6a-bac4-b4044acd0ac8,GOODSISSUE,2012-03-01 17:59:27,Kenia Romine
SC1,3b26aba6-b187-44ff-8ce3-0114175be981,GOODSISSUE,2010-12-03 02:34:16,Lavonna Haymon
SC1,aa149f3d-7284-430b-9335-46a6d01c30db,GOODSISSUE,2014-01-08 23:52:55,Yanira Gottfried
SC1,c4df5fd5-45d4-4639-bb12-b50f36193e1a,GOODSISSUE,2010-01-23 03:33:50,Alfonso Wernick
SC1,9345bac7-18db-4571-9e41-c2d6f7e052df,GOODSISSUE,2016-05-26 02:16:54,Arletta Landen
SC1,dea3de85-8703-46bd-a665-553c2c74596f,GOODSISSUE,2010-09-21 22:21:02,Suellen Noecker
SC1,9c76e70b-7d75-4808-b1d7-7924ca412a52,GOODSISSUE,2016-11-13 21:40:49,Suellen Noecker
SC1,4ed63ad9-85ab-4744-8d58-f080e43e5909,GOODSISSUE,2010-12-04 03:55:17,Felice Cover
SC1,cd5ce3d6-c144-4f0a-bc31-c03aa6f9fd59,GOODSISSUE,2009-08-25 19:54:49,Irene Llanas
SC1,9eb20439-c8be-4cdb-9dbb-51d9350deea1,GOODSISSUE,2011-04-13 06:40:14,Marita Creagh
SC1,c5c22dfe-771b-48b0-9e80-cef22a8cd556,GOODSISSUE,2016-08-27 13:48:43,Rachel Onorato
SC1,fe765701-1aef-465c-9915-af2cd0494eb5,GOODSISSUE,2011-03-16 15:03:31,Jena Jeans
SC1,835816c9-4366-4ccd-9daa-3731ca753e0b,GOODSISSUE,2017-09-19 22:21:01,Emmie Schuldt
SC1,911b2ac1-292c-4f04-9836-804bd45b7bdd,GOODSISSUE,2014-04-30 02:19:04,Lavonna Haymon
SC1,c7324cb5-4af0-4955-a6da-d4b55ea9413f,GOODSISSUE,2009-06-15 08:21:24,Felice Cover
SC1,af7ffc35-174e-438c-8ffe-0b190cb507f6,GOODSISSUE,2011-06-17 23:44:01,Yanira Gottfried
SC1,b3eaca93-404a-44dd-9f8e-06e0e9ad7d0a,GOODSISSUE,2015-07-10 02:49:15,Luisa Solar
SC1,1a040da9-7b56-404c-ba48-ca1a49c0da9b,GOODSISSUE,2016-03-16 00:47:13,Gloria Ashburn
SC1,bc696761-e8fe-420b-add5-d8f2978266ce,GOODSISSUE,2019-07-14 14:04:29,Cherryl Vandine
SC1,1752bf5f-5a93-4b8b-b17f-0e016c6b5f93,GOODSISSUE,2015-09-22 10:01:03,Melissia Kreidler
SC1,3ce69bba-2030-497d-9819-8768ea4cefc0,GOODSISSUE,2015-06-12 17:26:22,Lucina Boyers
SC1,025f10e0-5452-41c5-80c7-eedb436e594e,GOODSISSUE,2015-06-09 17:26:22,Lucina Boyers
SC1,d6298fd7-c08f-4b63-95d4-c4a413927288,GOODSISSUE,2010-01-24 06:39:01,Rona Hennis
SC1,5e97c46e-0ecf-414c-bca4-9389f602769e,GOODSISSUE,2016-03-14 00:33:03,Lavonna Haymon
SC1,2d96f7a8-3f20-4122-8732-79a9a4bceea5,GOODSISSUE,2012-04-05 12:25:47,Luisa Solar
SC1,0c2b853e-fa03-4f69-9c7f-da51af8de2e6,GOODSISSUE,2018-11-09 23:13:37,Leontine Sifford
SC1,77d1ad9b-b128-4def-8332-d48c46e84a0d,GOODSISSUE,2017-01-11 05:05:06,Toby Narvaez
SC1,6181cb2c-8687-467e-84c2-4ec64388e21e,GOODSISSUE,2015-04-16 05:37:32,Francina Bevington
SC1,82369eb0-e6db-42ff-afa9-e690cd116f59,GOODSISSUE,2011-09-19 14:40:48,Lawerence Pintor
SC1,fae77d4a-e072-4b59-85f1-9aa560edcfa0,GOODSISSUE,2016-03-22 00:58:27,Felice Cover
SC1,375d5b70-2e0f-45c7-9b92-327432f7bcf7,GOODSISSUE,2016-03-28 01:47:28,Kristen Eckhoff
SC1,bd531d3e-f4ac-45c1-baba-d8d20afda8f4,GOODSISSUE,2013-08-14 16:21:16,Dalila Proehl
SC1,87625f29-d1a9-47eb-b1ff-d9c95376dc58,GOODSISSUE,2016-07-04 19:01:42,Alfonso Wernick
SC1,ee46fbda-b04b-4dba-a198-66ec54d9441a,GOODSISSUE,2016-06-01 12:56:00,Marita Creagh
SC1,75d230f0-43ee-4196-ac5b-ca5df989433f,GOODSISSUE,2018-04-30 19:11:12,Tasia Snelgrove
SC1,2b8a606d-a5c6-4015-9813-1962de0a3838,GOODSISSUE,2012-08-21 06:09:29,Rachel Onorato
SC1,22d0b5b1-d0fa-4011-bafb-e727276632e2,GOODSISSUE,2018-02-20 10:44:23,Alfonso Wernick
SC1,fb2bab7e-331f-418c-96ad-72f6f8deb41b,GOODSISSUE,2010-09-18 20:21:11,Cherryl Vandine
SC1,461ebedd-52ed-47de-86ca-6f1e27190447,GOODSISSUE,2010-07-07 19:53:01,Roy Ortego
SC1,c94fc5a4-7fce-476c-9ac5-93ab8834aa95,GOODSISSUE,2014-07-29 15:50:26,Cher Ehrmann
SC1,ef36a0d9-f32a-4cb0-9db1-06e22b570b46,GOODSISSUE,2014-01-07 04:13:40,Summer Fusaro
SC1,671210b1-ebf1-43ea-9eb1-45b1ddea9b01,GOODSISSUE,2018-12-23 14:02:03,Jamie Mcclellan
SC1,edf4e231-cbee-49ee-92ed-a6d2f024264b,GOODSISSUE,2017-02-03 19:44:10,Yanira Gottfried
SC1,9323e8ff-1743-4e23-9e63-75e771b7273d,GOODSISSUE,2015-07-26 17:45:20,Jena Jeans
SC1,f7f52397-c653-4a58-bb3d-cd0a58feac85,GOODSISSUE,2014-06-16 07:50:39,Kristen Eckhoff
SC1,6de728b4-3eca-402c-b535-3c16ebb78822,GOODSISSUE,2011-12-18 09:17:14,Luisa Solar
SC1,abe8f7b2-d45d-4196-a90f-bcd6b46838bc,GOODSISSUE,2013-09-22 19:16:02,Luisa Solar
SC1,adf30c1d-cbc4-4137-afdc-02aba5406b37,GOODSISSUE,2019-06-28 23:47:39,Kenia Romine
SC1,78d67ed4-7051-433e-b56f-9e6c8fa5015b,GOODSISSUE,2010-12-08 08:47:02,Toby Narvaez
SC1,a0e45643-5207-4282-9071-d9823c0fcbc4,GOODSISSUE,2011-11-03 04:54:08,Irene Llanas
SC1,68c87f55-bd7a-46e5-b256-2b62f6c2528e,GOODSISSUE,2013-04-11 05:45:03,Alejandro Atwood
SC1,71628168-71d6-43c4-a8c6-97c31ffd5a25,GOODSISSUE,2010-12-03 10:46:13,Cher Ehrmann
SC1,0ffbbe3c-4555-47ab-ae3d-89ed1bbc52a8,GOODSISSUE,2011-05-14 11:57:45,Alejandro Atwood
SC1,b1c7a3a2-9123-4b6d-8ab1-5c3fcb15d005,GOODSISSUE,2019-11-13 13:31:30,Francina Bevington
SC1,36d23982-658c-450e-aeaf-e4dcf7c3c18a,GOODSISSUE,2019-01-08 12:03:32,Marcela Ye
SC1,54a557e2-95fa-4e68-a776-a57e6a6c6f3f,GOODSISSUE,2018-03-26 02:03:54,Alejandro Atwood
SC1,f69569a2-ece5-4254-89ae-7dea438c0bad,GOODSISSUE,2014-08-01 18:55:10,Lawerence Pintor
SC1,60eae037-dfd6-4010-91cc-318fe9046062,GOODSISSUE,2019-02-16 12:48:52,Lucina Boyers
SC1,edc23094-dd51-44be-a674-dff945dcb688,GOODSISSUE,2017-02-04 23:38:32,Tasia Snelgrove
SC1,409f1799-077f-48e5-a3e7-05d13a3629d5,GOODSISSUE,2019-05-19 19:41:55,Dominica Kirkley
SC1,c50f2ba6-2374-4994-b4fc-48c7fff75d1e,GOODSISSUE,2012-05-03 17:53:22,Yanira Gottfried
SC1,90841ea8-332b-4cee-87fe-a83cfdcfbe1d,GOODSISSUE,2011-04-01 02:04:12,Roy Ortego
SC1,a86efc60-eda7-4fc0-82a7-1e0d63ce2734,GOODSISSUE,2013-10-02 14:34:50,Ceola Harry
SC1,edd00263-9e57-4b1a-b67e-ed09323ff270,GOODSISSUE,2019-02-19 01:00:38,Lora Rieder
SC1,46ae4b62-c978-4798-9a64-0303a8377690,GOODSISSUE,2019-09-29 04:30:56,Lessie Scheck
SC1,3ce7cfcc-3533-4350-835d-a4387bdde212,GOODSISSUE,2019-09-24 04:30:56,Luisa Solar
SC1,01e8e2e3-2925-4b49-b0a4-db82c378b18e,GOODSISSUE,2012-04-20 12:09:38,Gloria Ashburn
SC1,9aad5705-e5dc-4c01-85a8-6db39b4b9947,GOODSISSUE,2012-10-21 04:57:41,Orville Sheilds
SC1,46227c1d-ec51-4a5a-9702-3784326bbe12,GOODSISSUE,2016-10-06 20:34:15,Marcela Ye
SC1,6284b512-33b4-4f18-8dd5-6797cdc7b579,GOODSISSUE,2015-03-29 07:13:40,Marita Creagh
SC1,74429d42-754c-4d87-bf1c-2eb038e43242,GOODSISSUE,2016-01-25 09:21:00,Margene Hamil
SC1,9cbdc254-cb54-415a-8a99-ec4e487cb6f6,GOODSISSUE,2011-08-13 05:50:26,Leontine Sifford
SC1,d6313cb4-5204-4bae-93a5-be779a0358e5,GOODSISSUE,2014-12-12 21:33:04,Jena Jeans
SC1,d4da2f24-72e8-4d8c-b2fa-f7de8a7f10b9,GOODSISSUE,2015-04-21 04:31:31,Luisa Solar
SC1,5a2ec953-8738-466a-80f8-94db139ee294,GOODSISSUE,2015-02-04 09:17:05,Tyree Decastro
SC1,839b51ff-cf48-44db-acdf-e3ffe2ffaa6a,GOODSISSUE,2013-10-10 00:36:20,Jena Jeans
SC1,fb15952f-c12b-4844-9694-3a81bacf3261,GOODSISSUE,2014-07-19 02:51:45,Marita Creagh
SC1,eeafa45b-ee13-49dd-9f86-ab466d1d7095,GOODSISSUE,2009-09-02 19:58:48,Gloria Ashburn
SC1,912d01dd-919e-4b4a-b710-ca385205d8ec,GOODSISSUE,2015-09-12 09:45:10,Lavonna Haymon
SC1,99ecedca-0881-46ea-9118-f885212c5c3d,GOODSISSUE,2013-06-30 05:36:14,Alejandro Atwood
SC1,322a6cd8-9f1c-4494-8838-1c8cafbc3276,GOODSISSUE,2015-08-26 21:44:24,Sharyn Laxton
SC1,2a556ba3-bb3e-4b83-9913-c0f9c7864fd0,GOODSISSUE,2016-06-01 12:26:09,Bradford Amarante
SC1,31e0fc4b-49b8-4a2e-8ced-d6c6da42b05a,GOODSISSUE,2011-09-03 10:49:01,Anna Hulings
SC1,f27e0a78-f889-413e-a8a5-b26714199c12,GOODSISSUE,2019-08-10 22:43:15,Yanira Gottfried
SC1,3e551932-55a5-40df-9f24-b2adbc1a9ea0,GOODSISSUE,2019-12-06 08:58:26,Gloria Ashburn
SC1,42fd60e3-2088-48a4-909b-f8a8e6782fa9,GOODSISSUE,2016-05-08 00:21:17,Summer Fusaro
SC1,0892291f-f153-4783-8ab3-dfd69e2a7f86,GOODSISSUE,2012-01-12 09:01:48,Kristen Eckhoff
SC1,2b6d5946-06cd-4c8d-9209-ab587cb1898c,GOODSISSUE,2013-07-01 02:32:52,Alvin Malin
SC1,88bd4255-5f34-46df-ae4f-cb0896bdbdbe,GOODSISSUE,2012-09-26 05:07:06,Kristen Eckhoff
SC1,479fb3c2-5129-4219-9da6-0694af3034ab,GOODSISSUE,2011-01-02 12:07:01,Suellen Noecker
SC1,1c253b7e-05df-46c7-8ae8-8b446adaff1f,GOODSISSUE,2013-12-05 14:18:28,Karri Ptacek
SC1,402d10aa-d633-4d3b-b5c0-0728ba013472,GOODSISSUE,2013-12-03 14:18:28,Margene Hamil
SC1,44674653-0761-40a0-a6b0-5ee203cfb14f,GOODSISSUE,2013-08-04 05:05:31,Kenia Romine
SC1,c9a5fa88-7ef2-4294-ba74-28c9cbb8b701,GOODSISSUE,2011-12-05 18:13:02,Cherryl Vandine
SC1,94c655cb-18cc-44e0-ba09-ed2464344326,GOODSISSUE,2014-08-03 18:36:09,Francina Bevington
SC1,ca1f212a-c25b-4d0d-84e5-5c11150b598c,GOODSISSUE,2018-01-10 21:14:28,Cher Ehrmann
SC1,aaea03be-7b9d-4cab-b7a2-67187faef585,GOODSISSUE,2017-09-12 07:21:55,Melissia Kreidler
SC1,fc34b1f4-5b9a-4d87-90c9-ffaee7db5f9a,GOODSISSUE,2012-01-18 03:22:42,Cher Ehrmann
SC1,43f5374f-022a-41ad-9736-eb401c6267f2,GOODSISSUE,2016-12-22 16:50:55,Rachel Onorato
SC1,9f3803cb-c325-4e6d-99e2-759773007564,GOODSISSUE,2016-12-14 23:39:27,Luisa Solar
SC1,171e4b3c-29d0-43b5-b553-2483a47a3f02,GOODSISSUE,2015-02-18 12:12:24,Emilio Sones
SC1,5587a3cb-d70e-4044-8391-f3ebd6485074,GOODSISSUE,2017-08-30 02:56:08,Kenia Romine
SC1,e97a6084-d198-477f-8a74-ebc9aef231fe,GOODSISSUE,2013-05-13 23:24:56,Marita Creagh
SC1,7ce618fb-739e-4537-81ca-c96c9db9c97f,GOODSISSUE,2018-07-05 15:53:32,Lavonna Haymon
SC1,6c9c6a7d-52c3-4317-817c-d07ad27b9125,GOODSISSUE,2018-07-12 21:09:10,Lillian Wheaton
SC1,3dfd527f-4c86-41fe-aaf2-1b100ab8ccec,GOODSISSUE,2013-07-16 22:19:26,Lavonna Haymon
SC1,2dd0db62-83a4-4595-bb98-1ad933acd82c,GOODSISSUE,2012-07-19 10:45:34,Cherryl Vandine
SC1,bec771e9-d3f7-4fe6-9b4b-f4f0f4ec0a21,GOODSISSUE,2018-10-10 18:58:07,Tasia Snelgrove
SC1,727e0dab-f9b8-4b66-b5b6-9ec697178444,GOODSISSUE,2014-10-07 07:34:37,Irene Llanas
SC1,5fe686ef-b300-445d-9116-d4abb38e2d46,GOODSISSUE,2010-10-01 17:10:53,Cherryl Vandine
SC1,4854c18e-d1bb-4359-ad32-24ce078dc1b8,GOODSISSUE,2019-10-22 17:51:23,Rona Hennis
SC1,4b7fceb9-8313-4d4e-ab3d-63b1d547ac45,GOODSISSUE,2012-08-02 03:49:04,Leontine Sifford
SC1,fbcfd1c6-ed8a-4066-b1b1-20d6e9c3ecde,GOODSISSUE,2010-10-15 06:06:51,Rona Hennis
SC1,6fa40fc1-442f-42fe-9536-8c8fb7450927,GOODSISSUE,2014-08-27 19:41:00,Dalila Proehl
SC1,6a3c5a59-ba2e-4b88-9ff0-0a3a2dd05444,GOODSISSUE,2014-08-29 19:41:00,Irene Llanas
SC1,91c5c0a0-8c6d-4e4c-a57d-535d2992c48c,GOODSISSUE,2019-12-07 15:58:47,Alfonso Wernick
SC1,e6017f23-4348-4631-b757-e5cdf12b00fc,GOODSISSUE,2019-12-10 15:58:47,Bradford Amarante
SC1,eefde43f-2808-4c3a-9555-741a8c8ee912,GOODSISSUE,2013-09-21 23:32:30,Margene Hamil
SC1,cfbc0aa7-e4e0-494b-ab22-61ae5e5265e6,GOODSISSUE,2010-08-30 19:44:47,Rona Hennis
SC1,79ac7545-12bd-4cca-8a88-05d033f5e0c4,GOODSISSUE,2011-09-03 03:08:04,Lora Rieder
SC1,55ffc82e-ddd5-434f-a16a-9b829d8c274f,GOODSISSUE,2013-02-01 16:46:33,Marita Creagh
SC1,5faed5a9-7f7a-4398-ba6e-d890ff0e4421,GOODSISSUE,2019-06-10 19:11:51,Kenia Romine
SC1,8f4ad72a-0372-43bc-ac3a-8ede8359d0ec,GOODSISSUE,2016-07-04 20:31:50,BATCH_JOB
SC1,321fceda-f93d-49a5-bb73-36a5451dc8f8,GOODSISSUE,2016-12-17 07:37:17,Toby Narvaez
SC1,1b16079c-10bf-41b4-a414-4b102fbf450f,GOODSISSUE,2016-10-27 10:29:10,Lillian Wheaton
SC1,670089df-5aed-4100-b326-05fab8b35c0f,GOODSISSUE,2015-03-30 14:31:46,Luisa Solar
SC1,9bdc0cbc-288f-4564-9eb7-8da8cc56f944,GOODSISSUE,2018-05-13 12:12:48,Yanira Gottfried
SC1,be038983-5d0f-41b5-821f-356d32b701a6,GOODSISSUE,2013-12-10 05:34:48,Lessie Scheck
SC1,de6494c5-4a45-4379-b9bd-8e8a86bc9263,GOODSISSUE,2019-12-14 22:43:58,Dominica Kirkley
SC1,1e57ffcf-ef9a-4cdc-8287-f88a1799b5d9,GOODSISSUE,2016-02-23 05:57:05,Luisa Solar
SC1,e57bc7b6-d178-4009-b890-372044664113,GOODSISSUE,2013-02-21 13:38:01,Jamie Mcclellan
SC1,b1d65234-046e-43d7-9e55-e6b014a396a8,GOODSISSUE,2014-02-04 00:28:54,Marita Creagh
SC1,fa27bc52-57c5-44f6-9174-b320995e0124,GOODSISSUE,2009-05-14 10:22:28,Arletta Landen
SC1,820929c9-f2ab-49eb-9df5-63ad9e514d3d,GOODSISSUE,2015-10-13 15:40:23,Toby Narvaez
SC1,17ee1075-f080-40ff-8160-408366479d0d,GOODSISSUE,2019-07-03 11:01:23,Lavonna Haymon
SC1,6bbfeb9b-d21a-4206-ba9c-a27baa192b63,GOODSISSUE,2015-06-23 07:42:05,Sharyn Laxton
SC1,51a0d2e3-415f-42e1-9f5c-e1a526deeeed,GOODSISSUE,2017-09-13 01:10:19,Rachel Onorato
SC1,14485ff3-988e-43b0-a7de-6edf3bd2f961,GOODSISSUE,2019-02-04 23:38:55,Rachel Onorato
SC1,ff523ed7-9564-46a9-8efb-d658690e24e3,GOODSISSUE,2013-03-23 02:32:44,Anna Hulings
SC1,a25111dc-5127-43a9-84ce-89a7e9b449a9,GOODSISSUE,2013-03-23 02:32:44,BATCH_JOB
SC1,8913d8c1-5f30-476f-8908-e4a09a955d33,GOODSISSUE,2018-03-09 12:56:05,Gloria Ashburn
SC1,ceee85fb-d5b2-452d-b8e0-45f763c6980e,GOODSISSUE,2019-07-26 17:01:23,Toby Narvaez
SC1,c113eef2-c40b-4847-a8cf-6ec3a87b766e,GOODSISSUE,2010-09-14 21:40:18,Karri Ptacek
SC1,1c6abbf5-b2e0-4bc6-9fce-f8d47fad486d,GOODSISSUE,2019-01-10 23:38:50,Ward Weckerly
SC1,53bf3213-a43a-4f28-becd-e1200eaeaedf,GOODSISSUE,2015-11-15 09:01:45,Marita Creagh
SC1,4548ffb3-e799-4049-aec4-07388cc09f01,GOODSISSUE,2019-05-17 23:09:26,Tyree Decastro
SC1,8c681c72-17a4-486d-995e-a36347f8ace4,GOODSISSUE,2016-12-22 03:02:57,Alvin Malin
SC1,ef5b080a-9310-462f-acab-7a4d10c9480b,GOODSISSUE,2019-03-07 17:05:43,Irene Llanas
SC1,5493b570-6d46-45af-8895-bd9fdd6db48e,GOODSISSUE,2017-12-13 06:11:16,BATCH_JOB
SC1,fed63ca2-27fe-4b6b-84d3-bc26b7b31c5e,GOODSISSUE,2010-09-11 02:22:14,Rona Hennis
SC1,1ab7dcb4-504c-4928-9731-9934d6a15d99,GOODSISSUE,2014-07-18 02:00:09,Toby Narvaez
SC1,4504e133-ff02-4620-a4f9-89c01b031ce6,GOODSISSUE,2014-05-29 23:57:36,Melissia Kreidler
SC1,ca1e9dc3-a761-4485-a780-8f8eafb27a67,GOODSISSUE,2010-10-23 06:58:44,Ceola Harry
SC1,00bd2f0e-ad58-4292-aa08-afbc4aa97100,GOODSISSUE,2010-10-20 06:58:44,Luisa Solar
SC1,1cfe4231-334f-4f75-9d83-2ffbd54a7847,GOODSISSUE,2015-10-31 01:44:42,Sharyn Laxton
SC1,b0b8e9e0-9119-48b5-affe-e82dafbfee99,GOODSISSUE,2016-01-10 03:14:49,Melissia Kreidler
SC1,3755bfe3-83f3-4dcc-b06a-90fa23da0ddc,GOODSISSUE,2013-05-26 22:34:39,Sharyn Laxton
SC1,f7998c98-fad7-4640-b058-4305edeac652,GOODSISSUE,2016-02-06 05:30:03,Tasia Snelgrove
SC1,a00ba078-1b0c-4cc2-82a2-676e3ff6eea5,GOODSISSUE,2011-12-22 06:17:21,Francina Bevington
SC1,fc648090-fc41-4e99-9e13-c0406b3b7538,GOODSISSUE,2015-11-06 05:14:24,Lavonna Haymon
SC1,a20f31a8-c2b2-4719-838b-918daec2dca1,GOODSISSUE,2009-09-28 18:31:08,Arletta Landen
SC1,b81a8aab-23e9-4042-863f-4ed72660db23,GOODSISSUE,2019-12-19 22:57:16,Marita Creagh
SC1,56b2fde1-c2f6-445f-ab5a-2527010b79b7,GOODSISSUE,2011-06-07 14:43:30,Ward Weckerly
SC1,0b030599-905b-4d57-992b-048b6ddda680,GOODSISSUE,2015-02-15 13:45:10,Orville Sheilds
SC1,6eb9980f-b99f-42d1-b6df-3666dc843247,GOODSISSUE,2015-08-18 07:24:07,Lucina Boyers
SC1,cc4cb169-3d79-4fdf-99aa-341c78e1744f,GOODSISSUE,2015-08-27 11:04:59,Marita Creagh
SC1,6030cf09-71b1-47ba-8c1a-87918e485981,GOODSISSUE,2013-09-26 04:15:38,Alvin Malin
SC1,149373f4-f7b7-4e38-b38e-8de9ea4bba63,GOODSISSUE,2016-07-15 12:31:46,Melissia Kreidler
SC1,a40f799e-bdb8-4f1e-8640-91fef5154c64,GOODSISSUE,2012-03-24 20:03:39,Lawerence Pintor
SC1,e581cb9d-99b5-42a6-bf07-181c3d0beca3,GOODSISSUE,2018-07-22 02:37:32,Gloria Ashburn
SC1,f79be4f1-e1ba-4147-8fb3-31a140e60a2f,GOODSISSUE,2009-08-16 21:45:59,Emilio Sones
SC1,d2f92792-a50a-4954-908e-60d3e6e349d7,GOODSISSUE,2016-12-19 07:11:04,Felice Cover
SC1,c0ca5469-a9b5-4a8c-81a0-9b6ace8b0426,GOODSISSUE,2010-07-08 00:15:50,Kristen Eckhoff
SC1,7dc3b592-82ec-4e47-8530-d170a9ceeab4,GOODSISSUE,2015-02-09 23:08:00,Alvin Malin
SC1,b98ac3bb-ed65-46ba-b06b-d53b4602fbf6,GOODSISSUE,2017-10-03 03:04:10,Irene Llanas
SC1,196cabae-8edd-47cd-99fe-373c6554a95a,GOODSISSUE,2010-12-31 01:43:50,Summer Fusaro
SC1,d17fce79-1ff1-4874-8294-7485694f6935,GOODSISSUE,2009-12-20 10:26:08,Sharyn Laxton
SC1,cb3476a2-e86c-4f78-bbcd-8c178787e887,GOODSISSUE,2011-12-24 16:24:02,Kenia Romine
SC1,ffcc4548-f530-4012-be71-aef3b85d37a7,GOODSISSUE,2015-07-29 00:22:55,Kristen Eckhoff
SC1,57b1a3e1-afde-4058-ae13-6ba0f89c68ce,GOODSISSUE,2015-10-11 20:29:38,Lora Rieder
SC1,7a0a7b7e-11f5-4fa7-b6e5-008c7362b3ea,GOODSISSUE,2012-01-10 01:00:08,Emilio Sones
SC1,1266fb85-084d-4851-a1ec-6bef37a978a6,GOODSISSUE,2014-10-06 15:48:17,Margene Hamil
SC1,0aceb4c7-8dff-445e-9db7-e075f36e4e08,GOODSISSUE,2012-11-18 15:22:01,Lawerence Pintor
SC1,c1a19459-a991-4776-891b-d1b0e04b5404,GOODSISSUE,2017-11-15 19:13:07,Rachel Onorato
SC1,6e2131eb-71aa-4872-8da9-73fc5793a45e,GOODSISSUE,2012-04-18 23:44:24,Rona Hennis
SC1,7f2f55c5-c1d9-4e6a-9c6e-d58569a1f298,GOODSISSUE,2018-06-22 01:19:42,Jena Jeans
SC1,31ff0224-c1b3-4657-add3-0ac446c140f2,GOODSISSUE,2012-09-06 08:37:26,Marita Creagh
SC1,751c5282-d263-4928-b99a-9267cfcc9b78,GOODSISSUE,2012-09-26 15:32:50,Toby Narvaez
SC1,61d47409-adc1-4ab7-9c8a-03fbe0a491f4,GOODSISSUE,2016-01-15 23:32:55,Karri Ptacek
SC1,493ba57d-e9bd-471b-bc23-af2c2ce93878,GOODSISSUE,2013-07-07 13:37:31,Alejandro Atwood
SC1,93d6a4e3-077b-4c30-9725-f7880d124081,GOODSISSUE,2018-10-18 19:43:56,Lessie Scheck
SC1,b7c1385d-5db7-427d-941b-f2ccc0bedcd8,GOODSISSUE,2016-12-22 18:31:43,Dalila Proehl
SC1,ff72ebe2-251b-4673-86d3-3376cf0941e5,GOODSISSUE,2016-01-30 14:01:53,Marcela Ye
SC1,76f3c89f-6a49-413b-bd0d-77cd60032076,GOODSISSUE,2014-08-25 11:31:37,Francina Bevington
SC1,3768a47b-f838-441e-9cb7-c5c736f28135,GOODSISSUE,2018-09-27 04:35:43,Cherryl Vandine
SC1,e9aa97a5-9ffa-4335-a6bd-4037e778ef5c,GOODSISSUE,2017-11-05 21:44:17,Suellen Noecker
SC1,ddccd9b4-00cd-416c-a0cc-2cf581ed0158,GOODSISSUE,2011-03-30 10:59:22,Felice Cover
SC1,46189f88-8eb1-46aa-a7b0-9d3e68e626f9,GOODSISSUE,2010-09-12 07:46:52,Luisa Solar
SC1,39267ca3-1372-4d29-a391-bd82ea183f34,GOODSISSUE,2019-07-21 16:34:41,Rona Hennis
SC1,77193e1a-f101-4c79-8dfa-afd042f2338b,GOODSISSUE,2019-08-04 04:07:12,Dalila Proehl
SC1,0ba9b717-6cb4-4bf3-aaa9-b342a6832965,GOODSISSUE,2015-10-17 12:00:26,Toby Narvaez
SC1,8cce4491-789f-4644-b1e2-6fc174afb395,GOODSISSUE,2015-11-23 23:20:27,Leontine Sifford
SC1,a7323163-dd43-4ec3-b3ab-a9090f0b912e,GOODSISSUE,2016-03-25 21:34:33,Kenia Romine
SC1,105e84e8-2324-4a86-b3fb-1341ee32d34d,GOODSISSUE,2016-09-02 22:04:59,Luisa Solar
SC1,767689b8-94a4-414e-b90e-e3f2023ac51c,GOODSISSUE,2015-04-25 21:54:56,Emmie Schuldt
SC1,74ec1612-a369-4481-9cd5-e7d431c0d939,GOODSISSUE,2019-02-26 17:40:46,Ceola Harry
SC1,08eabe45-9c8e-44f5-9b14-12b5354de8da,GOODSISSUE,2014-02-08 18:09:24,Emilio Sones
SC1,84a2e9b4-8e13-44a0-b94c-440bd7ba46fc,GOODSISSUE,2014-09-25 11:07:37,Irene Llanas
SC1,fdae4893-2088-4821-b418-20039d3fa637,GOODSISSUE,2010-03-18 01:22:06,Cherryl Vandine
SC1,ffe4dd03-fc71-43a7-9d74-0c3a1ed5ce34,GOODSISSUE,2018-08-16 11:32:58,Toby Narvaez
SC1,a0ad3199-5b01-4c58-ac1a-34cf077cc35f,GOODSISSUE,2018-12-15 23:30:54,Summer Fusaro
SC1,aafe3ed3-0a6e-48bd-b51e-05d7d111e535,GOODSISSUE,2012-09-30 22:48:37,Marita Creagh
SC1,81852939-8c62-4d08-bd72-a591e7cc243a,GOODSISSUE,2018-02-13 05:00:07,Kristen Eckhoff
SC1,467afc74-5804-4c18-ae87-aa0298d2533a,GOODSISSUE,2018-04-26 10:28:02,Rachel Onorato
SC1,2c63ebf8-6e05-4b2a-ab35-9960d899cc17,GOODSISSUE,2018-04-26 10:28:02,Lucina Boyers
SC1,1ffcf356-e9a0-4e6c-8c0f-b9c0ab451651,GOODSISSUE,2018-04-22 10:28:02,Lang Winkler
SC1,203f1f20-1184-4bbf-a63d-f70497a63636,GOODSISSUE,2015-01-22 18:51:04,Lang Winkler
SC1,b48107ac-78b1-493a-a06f-27f765f0cfbf,GOODSISSUE,2013-04-21 21:17:29,Emilio Sones
SC1,3c3e9a36-9dd6-4a45-bf76-99f7d408c6aa,GOODSISSUE,2010-07-05 18:08:06,Marcela Ye
SC1,54e1dd9f-4ddb-46c5-b109-02d32b9f042d,GOODSISSUE,2015-11-21 13:57:32,Orville Sheilds
SC1,b07b8573-3b2c-4d4c-958d-8981b6b599ce,GOODSISSUE,2017-01-30 15:15:20,Ward Weckerly
SC1,08dd8078-914a-4291-a9bf-46c0de735fa9,GOODSISSUE,2013-05-16 11:25:40,Bradford Amarante
SC1,adf0e902-68d6-494c-8ee2-c04cddc0b75e,GOODSISSUE,2018-03-17 18:24:38,Marcela Ye
SC1,0c76b644-9a95-4f48-8838-7766688d7386,GOODSISSUE,2013-11-02 06:22:28,Suellen Noecker
SC1,1ce875bd-1296-4e23-9bd7-0f2cc5f5ac84,GOODSISSUE,2017-08-30 06:17:08,Cherryl Vandine
SC1,e04e969d-38e1-46bd-86bb-b4ee120c6a49,GOODSISSUE,2010-05-23 06:37:49,Marcela Ye
SC1,ff3275fc-69fc-4bc6-b73d-dc49ed4202c0,GOODSISSUE,2011-03-02 12:47:56,Lessie Scheck
SC1,1a9520ea-f2ab-4650-ab89-4e1d1cf18086,GOODSISSUE,2017-06-19 05:38:19,Rachel Onorato
SC1,7f210d19-c984-434c-9e6b-ec4a71899f9f,GOODSISSUE,2012-06-27 05:02:42,Marita Creagh
SC1,34099c09-ad6c-4f04-91ec-9192cc9ba444,GOODSISSUE,2010-02-03 09:14:33,Felice Cover
SC1,49cf6481-2069-49de-b3c6-e34614422b8f,GOODSISSUE,2018-09-04 05:29:01,Rachel Onorato
SC1,c6bcd7ed-10ba-42d5-b1a1-615a8138b625,GOODSISSUE,2013-05-20 18:40:52,Yanira Gottfried
SC1,d6f36471-7e4c-455a-921a-2a0962a557e2,GOODSISSUE,2010-08-01 17:53:18,Dalila Proehl
SC1,66f53328-3bf5-4fcb-bdd2-54a0ad6cf0af,GOODSISSUE,2018-06-07 01:05:41,Lavonna Haymon
SC1,3ba0b631-9ab3-409a-82d9-a6d533b08fda,GOODSISSUE,2018-06-12 01:05:41,Marcela Ye
SC1,fbea3853-2c4c-441b-a94c-c3377fbdb6ba,GOODSISSUE,2012-02-24 11:35:04,Emilio Sones
SC1,20cfed8a-1ae6-4560-8e5a-543db584a3e0,GOODSISSUE,2016-12-21 18:08:51,Felice Cover
SC1,785e2c85-930c-4d97-9821-d32a60d31149,GOODSISSUE,2019-06-07 22:28:03,Lawerence Pintor
SC1,06cf11b6-560d-4b37-8195-c702e0418672,GOODSISSUE,2014-04-18 13:09:33,Karri Ptacek
SC1,0af45a29-0555-4eab-ac05-a245ed0c33c6,GOODSISSUE,2019-06-04 02:36:31,Jamie Mcclellan
SC1,deab0c2b-8191-4907-8354-a1ae5e3b261c,GOODSISSUE,2014-11-05 22:12:04,Tyree Decastro
SC1,3de8b836-9994-4a21-84c9-51d3b82abf29,GOODSISSUE,2014-04-04 16:46:58,Anna Hulings
SC1,2b97f260-2ffe-46a5-8bce-e94406aaadcb,GOODSISSUE,2013-06-10 15:12:37,Karri Ptacek
SC1,3866d6a5-dc96-4408-a8c2-c5ebaf5480ee,GOODSISSUE,2011-08-18 21:28:03,Roy Ortego
SC1,cd7a289d-43a9-43f3-bcd3-dbdf532260cc,GOODSISSUE,2011-09-29 22:38:31,Summer Fusaro
SC1,ad4cb708-6da8-43aa-9c1f-4fee3a65d3a5,GOODSISSUE,2018-01-15 08:38:51,Anna Hulings
SC1,145b2c89-e15d-4804-b40f-8feb8af90fd2,GOODSISSUE,2010-07-31 10:24:13,Anna Hulings
SC1,81365707-6ae8-4b76-bbc3-4dd1aac2f21f,GOODSISSUE,2013-02-26 06:53:53,Anna Hulings
SC1,eeb0e277-98dd-40b7-aa70-99745d03e054,GOODSISSUE,2019-09-18 03:23:43,Toby Narvaez
SC1,4ee57545-6a72-44ba-b490-b35f994566ad,GOODSISSUE,2014-01-18 09:57:11,BATCH_JOB
SC1,0b23dd8a-fe5b-4160-84bb-7b58c6ccf7e9,GOODSISSUE,2011-03-31 21:20:27,Margene Hamil
SC1,8928f635-aed2-429a-8634-18f1c82f2dc3,GOODSISSUE,2016-12-06 13:04:04,Rachel Onorato
SC1,9e080402-d804-4e36-bd62-80dee1018e84,GOODSISSUE,2014-10-20 13:15:05,Lavonna Haymon
SC1,9734ae2c-c4d4-4bd2-a544-cb47136fdbb9,GOODSISSUE,2019-05-29 01:14:00,Lora Rieder
SC1,d81d54a9-3ce5-4a5d-8bcb-6e865c1d7923,GOODSISSUE,2019-06-02 01:14:00,Anna Hulings
SC1,59e0c7b3-e712-4833-a3b5-d4917ef0c00c,GOODSISSUE,2015-11-13 08:37:03,Irene Llanas
SC1,d50b6960-45a5-426f-af67-09ba22363e65,GOODSISSUE,2014-07-27 21:30:05,Jamie Mcclellan
SC1,21a981fe-6876-4d89-b4bb-b348d4678dc6,GOODSISSUE,2012-02-25 10:41:11,Kristen Eckhoff
SC1,02734e1c-35a2-4499-95dc-665af6255882,GOODSISSUE,2010-01-23 23:09:17,Lora Rieder
SC1,42d0f2ac-2bc3-4a0c-b691-5a3406170729,GOODSISSUE,2013-06-12 01:23:05,Lawerence Pintor
SC1,112d5a51-4fd6-47da-ae4b-522ef7df4461,GOODSISSUE,2011-03-07 17:10:52,Lillian Wheaton
SC1,b51181df-4198-48c9-8574-b8e3fae17030,GOODSISSUE,2013-07-16 10:58:32,Alfonso Wernick
SC1,61415746-2e27-464e-90d8-f31e44627e2f,GOODSISSUE,2019-06-27 00:56:40,Summer Fusaro
SC1,d9fb574d-b4d3-4555-9c80-8115f2a9a462,GOODSISSUE,2015-02-15 01:23:37,Marita Creagh
SC1,155e7f86-5211-412c-b518-2f1300248919,GOODSISSUE,2016-12-08 00:37:12,Jena Jeans
SC1,87d803ab-581c-45ec-89a2-435c2d8a3e41,GOODSISSUE,2012-11-19 01:05:02,Roy Ortego
SC1,ed4bfdca-a49e-41be-980c-7243f3c63561,GOODSISSUE,2010-08-19 10:30:26,Summer Fusaro
SC1,c2ecddb9-e656-4e04-9cec-14a0ab16165f,GOODSISSUE,2018-06-03 02:51:10,Irene Llanas
SC1,5d0dee67-ce19-45e1-8d88-a1ac3b3842b7,GOODSISSUE,2011-06-14 21:53:57,Emilio Sones
SC1,3e8af66a-496e-4ecb-ae25-d025fa8726f1,GOODSISSUE,2014-08-01 00:52:38,Alejandro Atwood
SC1,6f03329c-2a08-4d67-92f6-e78f645874d4,GOODSISSUE,2010-11-17 11:34:37,Yanira Gottfried
SC1,cbeeddd4-5e03-4154-832e-a06ce6e50a28,GOODSISSUE,2011-05-14 02:15:08,Summer Fusaro
SC1,6c30230d-9eb4-4a62-a072-2119210ebe57,GOODSISSUE,2010-04-06 23:53:44,Kristen Eckhoff
SC1,ae9a9f56-e87d-406f-9e69-462567b73e8d,GOODSISSUE,2015-08-18 03:51:58,Arletta Landen
SC1,57a4826e-e1e8-49fc-9db8-0d0cd1a7aa3b,GOODSISSUE,2015-03-11 06:10:58,Arletta Landen
SC1,eecaa290-5026-4a45-8a7f-a68cfae7e917,GOODSISSUE,2012-08-08 08:44:26,Kenia Romine
SC1,6becc3b7-d930-47c8-8957-a5f163c1e1d8,GOODSISSUE,2017-09-25 12:40:04,Ward Weckerly
SC1,d8dc4bfd-8f56-409c-bd4b-487356143dc6,GOODSISSUE,2009-11-28 20:27:03,Ceola Harry
SC1,e86414e2-171b-4d62-945c-aadd35e04802,GOODSISSUE,2014-05-30 01:59:28,Alfonso Wernick
SC1,6913751d-81ae-45f7-8ecf-250a00f7070e,GOODSISSUE,2014-05-14 12:41:21,Rachel Onorato
SC1,2cdf01d4-4e4c-4796-a3f2-4ba958a5e873,GOODSISSUE,2012-05-09 00:06:55,Marita Creagh
SC1,a83f180b-ecc5-413b-b808-8951ca84eec2,GOODSISSUE,2011-05-22 18:35:11,Alejandro Atwood
SC1,3cd40e3e-81b5-4db2-b3f0-c3a939ed0ab8,GOODSISSUE,2011-06-21 17:21:33,Summer Fusaro
SC1,43e6d78d-8bf0-43ba-9719-d28b84bd00dd,GOODSISSUE,2014-12-22 04:52:01,Lavonna Haymon
SC1,bdda5dbf-f01d-4ace-b863-493610755b83,GOODSISSUE,2014-12-25 04:52:01,Melissia Kreidler
SC1,f7f5c379-ca40-4932-9a87-b8fff284f9e6,GOODSISSUE,2018-05-01 06:56:05,Ceola Harry
SC1,d82650d4-a353-4685-9c3a-ac31f8b9b800,GOODSISSUE,2010-04-01 14:16:37,Margene Hamil
SC1,d8d04e74-241f-4ce3-bfea-940376fd85bd,GOODSISSUE,2010-04-02 14:16:37,Leontine Sifford
SC1,ed250e49-661b-4cfd-a2db-dade33512f37,GOODSISSUE,2013-09-10 13:34:59,Kenia Romine
SC1,7ba256fd-134a-4870-9bbc-3c7992e2405d,GOODSISSUE,2012-09-07 07:25:05,Alfonso Wernick
SC1,f86ce69e-ab25-44be-9ac6-7ebd40fc739f,GOODSISSUE,2013-10-03 05:28:54,Ward Weckerly
SC1,b3693e14-38f0-48fc-8ce7-66e6ab8d7a49,GOODSISSUE,2012-08-04 09:00:29,Orville Sheilds
SC1,f3e621f2-c583-46b4-99ce-8ed0bb55ef74,GOODSISSUE,2019-05-12 03:55:54,Kristen Eckhoff
SC1,31a97a3b-bd1b-4e09-9db3-395d910e0572,GOODSISSUE,2019-07-23 20:52:05,Roy Ortego
SC1,3b322c39-93ab-4e0b-95d8-099c7738ff0a,GOODSISSUE,2013-03-27 14:02:04,Dominica Kirkley
SC1,002feced-ab91-4d9e-a417-93fdea84fc64,GOODSISSUE,2013-08-28 15:40:25,Orville Sheilds
SC1,82fe30b9-dadd-4596-abd7-331fe41093af,GOODSISSUE,2014-10-02 02:37:59,Ceola Harry
SC1,f1f28c64-a032-4407-9a86-6bf59e316d03,GOODSISSUE,2016-05-31 19:21:23,Rona Hennis
SC1,3e9adc22-cab5-4ae0-b824-7a6f432e9bc8,GOODSISSUE,2012-10-01 07:48:43,Dalila Proehl
SC1,3758e6e4-ac2b-4649-a579-ec66d06f884e,GOODSISSUE,2012-04-05 22:54:30,Lora Rieder
SC1,b706449b-1e77-4ef7-ab3c-1a19d549abad,GOODSISSUE,2019-08-24 12:21:13,Lessie Scheck
SC1,3900049d-ba39-478f-9d63-21f52be78666,GOODSISSUE,2016-04-07 00:44:28,Leontine Sifford
SC1,d4c6eb54-2e9f-4413-905e-4346b8ee5b27,GOODSISSUE,2019-11-13 10:19:44,Sharyn Laxton
SC1,c323732f-d650-456d-9bd2-bf415dedebf6,GOODSISSUE,2015-12-11 05:28:03,Rachel Onorato
SC1,197ad565-3152-4170-a2d9-d338b3b949a2,GOODSISSUE,2010-02-25 08:22:31,Yanira Gottfried
SC1,330a6a4e-87e7-473c-b7a7-69d389b1e894,GOODSISSUE,2011-06-11 13:31:11,Arletta Landen
SC1,ce2bb1c3-eb70-498b-a75b-14774b699817,GOODSISSUE,2014-10-05 21:53:09,Lillian Wheaton
SC1,b126e077-dbbc-4d69-afde-c0c7c444d80b,GOODSISSUE,2014-10-06 21:53:09,Margene Hamil
SC1,df11e572-07dd-4ef9-9ddb-259d808cb846,GOODSISSUE,2010-12-09 14:14:54,Kristen Eckhoff
SC1,7fa0ce48-e388-4a77-b370-2e0f579be0a6,GOODSISSUE,2017-04-28 19:26:12,Cher Ehrmann
SC1,8348e66f-7351-432e-b6da-7a7ea4ce130d,GOODSISSUE,2018-05-04 07:24:27,Kristen Eckhoff
SC1,669fd3d0-34cc-4941-ae58-255634ee915c,GOODSISSUE,2018-05-04 07:24:27,Tyree Decastro
SC1,ccd73bae-c469-481f-9d6e-027a1a4423c8,GOODSISSUE,2018-05-04 07:24:27,Emmie Schuldt
SC1,e82fe72c-a7aa-42e0-aa43-0fb9a75fce5a,GOODSISSUE,2011-09-13 11:39:41,Alejandro Atwood
SC1,40b7115f-77d7-4a34-9236-30bc2f987202,GOODSISSUE,2010-07-27 11:20:19,Kenia Romine
SC1,ffd32257-fd91-41a2-bd17-fb04299d5ba4,GOODSISSUE,2013-08-01 07:07:49,Orville Sheilds
SC1,bdd45bee-fee4-4999-a4fb-06f0a45ae8ef,GOODSISSUE,2012-06-13 09:47:49,Rona Hennis
SC1,fef39b6c-c3fb-4ee4-bdaa-bca19a60cc33,GOODSISSUE,2014-10-23 17:49:28,Ward Weckerly
SC1,32309cf7-248f-4f4c-8e06-65218a1785e4,GOODSISSUE,2015-06-05 21:09:40,Summer Fusaro
SC1,0a757484-4582-43db-b6b3-24451278431c,GOODSISSUE,2010-10-01 03:22:19,Lessie Scheck
SC1,f1be6701-122d-4ad0-b700-5526e385e167,GOODSISSUE,2013-09-22 05:05:08,Lillian Wheaton
SC1,cda22558-2959-445b-879d-bace03a89eb8,GOODSISSUE,2015-09-24 09:09:53,Toby Narvaez
SC1,aacfce04-b534-4c45-8725-e14218e9f0f9,GOODSISSUE,2010-06-14 22:35:58,Kristen Eckhoff
SC1,797b03a4-0bd5-4e0a-b29b-18ee9a103da2,GOODSISSUE,2009-12-31 08:32:14,Felice Cover
SC1,b3847460-cfcb-45c3-8d60-233ac4550e42,GOODSISSUE,2016-02-11 15:20:58,Dalila Proehl
SC1,a5490988-9f67-4f47-b31a-4195f017ba5c,GOODSISSUE,2013-08-13 04:04:22,Marita Creagh
SC1,476b466c-5425-4754-9bd6-97d18bd1626d,GOODSISSUE,2011-01-18 10:46:20,Karri Ptacek
SC1,970e4f04-af56-4ea3-b933-616a5975004d,GOODSISSUE,2010-03-29 16:14:13,Lavonna Haymon
SC1,c68a9cf8-5df2-42a9-a18a-12c57314f217,GOODSISSUE,2013-02-28 16:14:22,Dominica Kirkley
SC1,a69622ab-6d47-4e5c-9aa0-ff6fd41aa026,GOODSISSUE,2013-12-09 16:44:40,Alfonso Wernick
SC1,1b10e429-c040-4cad-8b07-512f1459a810,GOODSISSUE,2014-01-30 12:44:46,Luisa Solar
SC1,f244b57d-5b60-42e1-9492-f6b4164b2c92,GOODSISSUE,2015-12-30 20:00:27,Lora Rieder
SC1,aecf4543-197d-4e97-9960-75b65499d5ae,GOODSISSUE,2019-03-29 22:19:52,Rona Hennis
SC1,84cba033-ec9d-4837-97c4-44d974371791,GOODSISSUE,2015-03-02 04:24:15,Alvin Malin
SC1,2376ee24-8fc3-448c-b616-ad9b3d53ec4b,GOODSISSUE,2015-03-07 04:24:15,Lawerence Pintor
SC1,fdd11535-2191-4af2-bf10-08b085bd7a6c,GOODSISSUE,2010-08-16 01:22:45,Tyree Decastro
SC1,325a497a-b402-47f4-bb6d-cc323aff4030,GOODSISSUE,2011-03-01 05:59:21,Jamie Mcclellan
SC1,73b8d843-9751-4283-a60e-93a782b0262a,GOODSISSUE,2010-06-29 15:37:48,Alvin Malin
SC1,37113505-8e27-4594-8edd-f20e3c125050,GOODSISSUE,2014-07-02 16:46:50,Arletta Landen
SC1,1fe5146e-6cb9-44b3-8cb6-fc92fd8c9204,GOODSISSUE,2019-04-16 04:41:19,Orville Sheilds
SC1,7e410f24-424e-4f3e-8b4c-8d43220dda47,GOODSISSUE,2015-11-10 22:50:17,Ward Weckerly
SC1,848d124f-a9d1-4aa3-92f2-eb13ba684099,GOODSISSUE,2012-06-13 01:40:44,Lang Winkler
SC1,82d5b8d1-7b97-437e-84f0-c173ec5d50b7,GOODSISSUE,2009-12-19 11:00:37,Francina Bevington
SC1,81d5b522-5b81-4680-8be0-9571bd84a550,GOODSISSUE,2017-02-10 14:58:58,Jamie Mcclellan
SC1,a579a185-202e-4704-9dbe-09bd5620e587,GOODSISSUE,2019-06-06 13:03:34,Lora Rieder
SC1,d2a0faf6-bf56-42a4-a5de-9a5212815463,GOODSISSUE,2019-06-03 13:03:34,Alvin Malin
SC1,e5c8a189-257d-430f-a707-9796ad7011ec,GOODSISSUE,2013-09-21 13:00:12,Lawerence Pintor
SC1,2aed50e4-12ad-485e-be5c-f478a99618ca,GOODSISSUE,2009-04-28 20:30:37,Karri Ptacek
SC1,eeecd189-911a-414f-af9f-a6344e24af68,GOODSISSUE,2012-12-15 07:36:44,Orville Sheilds
SC1,58c29a00-87d3-4db3-a6c1-33471f221eea,GOODSISSUE,2018-10-10 12:25:04,Karri Ptacek
SC1,94950571-0eaf-4a6d-8455-5517c0a504ac,GOODSISSUE,2013-04-14 18:55:33,Emmie Schuldt
SC1,65dc712e-0855-4440-af2e-dc7e2389e009,GOODSISSUE,2013-03-21 15:23:11,Leontine Sifford
SC1,6fe2d184-9e15-49c6-834d-dccdb4e22401,GOODSISSUE,2011-02-20 22:47:58,Kristen Eckhoff
SC1,abf2442f-8a7d-4ffb-b0a2-2539018a8090,GOODSISSUE,2019-06-29 17:42:39,Lavonna Haymon
SC1,859fac3d-6c28-46a6-8c33-510744eb75cd,GOODSISSUE,2014-03-14 11:15:45,Alvin Malin
SC1,ba41cefd-f3f2-45cb-8764-306ea46b4c60,GOODSISSUE,2017-02-24 20:45:35,Ward Weckerly
SC1,97d5b238-1f63-49f8-83f7-8c7b6a7047ff,GOODSISSUE,2013-10-23 13:03:22,Lora Rieder
SC1,2f50d3b3-d578-4b4d-bc57-5f25f0895635,GOODSISSUE,2019-02-11 03:16:04,Summer Fusaro
SC1,e0847025-be5c-45df-82fc-de4498518c74,GOODSISSUE,2010-07-31 16:58:42,Lucina Boyers
SC1,84853360-15e3-46f8-a5ec-73dfb67e17b4,GOODSISSUE,2019-04-15 23:13:14,Orville Sheilds
SC1,49d0c349-8d3e-44a6-a4dd-5a2450716549,GOODSISSUE,2019-10-07 12:21:15,Lang Winkler
SC1,ac06d6ab-2c5f-4f16-aa2f-cc2baa17bcd1,GOODSISSUE,2010-04-04 15:19:15,Marcela Ye
SC1,aca5fe0e-0e18-43ca-ae05-4e5ca550a232,GOODSISSUE,2018-09-17 17:22:44,Rona Hennis
SC1,769f11da-9924-4d99-9820-f469c918f5bc,GOODSISSUE,2012-03-02 23:46:41,Luisa Solar
SC1,ef0eb3e1-b429-4871-881a-654e30035af7,GOODSISSUE,2018-02-28 20:37:10,Kristen Eckhoff
SC1,a40c2d4c-9ea0-4182-a4ed-1b6bfff8f42c,GOODSISSUE,2017-05-06 07:17:40,Kenia Romine
SC1,6eed729c-8cba-40f3-882e-1f8fa4f77bc2,GOODSISSUE,2012-01-06 13:02:39,Cherryl Vandine
SC1,9b4512c8-bb30-4cdb-bed9-4d2b3abdb02f,GOODSISSUE,2019-09-29 15:49:14,Alejandro Atwood
SC1,635fda50-aafe-49e7-94d3-badcde92f69f,GOODSISSUE,2019-05-08 17:08:01,Felice Cover
SC1,9682123c-5842-4466-bef4-c4f5f970dbd3,GOODSISSUE,2019-02-21 20:23:46,BATCH_JOB
SC1,b9cd37a3-2b1e-430f-a59a-0f1dbb7fe0a5,GOODSISSUE,2016-06-25 12:55:45,Lucina Boyers
SC1,6e269c75-e570-489e-b053-bb1f57888f37,GOODSISSUE,2010-08-21 13:21:54,Rachel Onorato
SC1,8a49ee41-3ffb-4801-bebe-8954a63920a1,GOODSISSUE,2017-07-01 07:40:11,Dominica Kirkley
SC1,4f96b233-2747-4b93-83a7-ea9ef5d8fe32,GOODSISSUE,2010-04-18 22:40:08,Ward Weckerly
SC1,f1274b53-95c2-4e04-8eb1-3722e0e8489b,GOODSISSUE,2011-08-08 10:57:02,Anna Hulings
SC1,75e4bc22-0190-45ee-a216-e9de2e4d91ad,GOODSISSUE,2017-08-16 06:57:00,Margene Hamil
SC1,a89915e9-f9b2-4198-a41d-861a1d610528,GOODSISSUE,2015-02-06 22:40:43,Emmie Schuldt
SC1,b4a0731d-d02e-484d-81e2-edcbb9a3b5dd,GOODSISSUE,2014-06-15 21:08:03,Leontine Sifford
SC1,b5ce28a2-4911-4a8e-b23a-9366a29feb0f,GOODSISSUE,2016-08-07 03:44:06,Ward Weckerly
SC1,d348e8a0-22f4-4e7d-a4d6-c52a2a4f176f,GOODSISSUE,2010-03-11 13:40:26,Marita Creagh
SC1,c5e9d1ac-070c-4883-860e-a96609f5d223,GOODSISSUE,2016-12-18 04:43:03,Margene Hamil
SC1,a7516e39-53c3-48fa-8ad3-d8d95fc56a99,GOODSISSUE,2013-08-13 00:38:22,Alfonso Wernick
SC1,b7858d86-0b7a-4738-b0ad-0611f5259edf,GOODSISSUE,2016-08-06 11:39:30,Melissia Kreidler
SC1,f049298d-574a-42d0-be8a-827ebb2f6f95,GOODSISSUE,2013-10-28 02:40:33,Cherryl Vandine
SC1,dca041a4-0b1a-4062-a997-3d2fc7d5956e,GOODSISSUE,2010-11-03 02:15:30,Sharyn Laxton
SC1,2707bbfc-8a27-4d60-9e7c-30e8354978ab,GOODSISSUE,2018-04-13 07:56:47,Irene Llanas
SC1,a8260dd0-cc89-4106-b490-36a13b5701ae,GOODSISSUE,2014-11-12 12:40:58,Sharyn Laxton
SC1,e3890fbb-ebfb-4b3e-8100-3eb832c7a02a,GOODSISSUE,2011-08-31 12:44:47,Rona Hennis
SC1,e821aaee-73f4-45e7-9e11-52a799492d12,GOODSISSUE,2019-10-31 16:43:41,Cherryl Vandine
SC1,d84b11b4-7154-4f23-b1e8-2a783d91d396,GOODSISSUE,2016-07-25 23:16:55,Kristen Eckhoff
SC1,f89e1b8b-74d5-4a49-acd6-d4a56628797b,GOODSISSUE,2014-11-23 22:33:39,Ward Weckerly
SC1,ca369c05-219d-47cf-aee0-ad2276e21796,GOODSISSUE,2014-10-16 08:10:33,Irene Llanas
SC1,090ac5be-290e-42bf-941c-08c1012e8214,GOODSISSUE,2018-04-12 01:37:59,Jamie Mcclellan
SC1,425bca25-d971-4059-a847-608cd41c9792,GOODSISSUE,2013-08-13 15:24:20,Lang Winkler
SC1,ec3196d7-1014-4495-8056-2282a13bbfc4,GOODSISSUE,2011-07-05 19:09:31,Alejandro Atwood
SC1,ece9fe3d-12b3-4e90-9789-d759c0555263,GOODSISSUE,2011-07-06 19:09:31,Emmie Schuldt
SC1,ad72ec20-49ab-46b7-ad21-dc4261110929,GOODSISSUE,2013-09-05 21:51:24,Anna Hulings
SC1,3660f2c8-e54f-4b2d-a9ad-070006a3d3c1,GOODSISSUE,2010-07-15 15:36:31,Irene Llanas
SC1,4ff26b53-f9df-48e6-9ae0-1cbd40a1a6b5,GOODSISSUE,2011-05-31 14:49:49,Yanira Gottfried
SC1,f3dc693e-1741-4fe3-a147-f18fe8a4cbf6,GOODSISSUE,2014-09-30 06:09:18,Anna Hulings
SC1,2550b7d0-09fc-452e-954b-117e5aff67f6,GOODSISSUE,2011-09-14 18:48:07,Marcela Ye
SC1,f7d41cfc-14bc-44bc-a87d-667c267c5b1e,GOODSISSUE,2017-12-03 13:01:21,Tyree Decastro
SC1,a5f30793-cf07-4cd1-bf1e-7cb8dfabd149,GOODSISSUE,2013-12-30 09:23:55,Summer Fusaro
SC1,e03f3ba3-4689-40a4-be22-e7e0d864520c,GOODSISSUE,2017-09-30 22:27:28,Anna Hulings
SC1,de1b01d0-77fa-490e-b991-c0ec26dd0840,GOODSISSUE,2010-06-27 13:50:12,Marcela Ye
SC1,b3d65663-206c-4981-8166-02812e74ed58,GOODSISSUE,2016-04-27 11:55:23,Roy Ortego
SC1,5eb63cd3-7e28-4270-86fc-0edac6b14a9a,GOODSISSUE,2016-03-18 08:31:13,Melissia Kreidler
SC1,968fee12-14cf-4f5b-a512-083f9a787eff,GOODSISSUE,2015-10-30 22:02:10,Francina Bevington
SC1,87317a50-0499-41fc-b9ae-89ed863ae15f,GOODSISSUE,2010-08-28 08:26:29,Cherryl Vandine
SC1,e190c47d-4cb7-40df-a386-66a6a3d6942c,GOODSISSUE,2012-11-07 10:09:09,Ward Weckerly
SC1,b0640c93-40f8-4730-96d5-3fa0bf6b8a88,GOODSISSUE,2015-01-30 04:16:28,Lessie Scheck
SC1,021c7388-b05f-4a86-bd9e-e9df7f1f369f,GOODSISSUE,2019-10-22 03:23:06,Alejandro Atwood
SC1,36c9fbf2-fba4-47ff-a666-9ff0f2d200b2,GOODSISSUE,2012-08-05 10:12:58,Margene Hamil
SC1,28c2c7e2-313e-426c-a3ca-3fd12abaac7a,GOODSISSUE,2011-01-13 16:06:34,Summer Fusaro
SC1,22a60b3c-e982-439d-8d83-ab60ce1e72f2,GOODSISSUE,2017-08-16 01:15:59,Alejandro Atwood
SC1,ce2efff9-fe8d-419e-81f5-a7f85b6231a7,GOODSISSUE,2013-04-27 07:26:34,Lang Winkler
SC1,32c617b8-0fd6-45dc-a9a7-3bec49254955,GOODSISSUE,2010-03-24 07:08:01,Toby Narvaez
SC1,9cbad52c-2e3b-42a9-9054-a4559a825e62,GOODSISSUE,2013-06-01 23:31:27,Ward Weckerly
SC1,d02e023d-6266-4f88-bd0b-146e5efb1895,GOODSISSUE,2017-07-07 17:47:06,Sharyn Laxton
SC1,88f33096-9e3f-4b53-8eed-0e64c1b2a5a4,GOODSISSUE,2011-04-15 21:16:22,Orville Sheilds
SC1,9bdd6047-3eca-4e41-b0d3-78dc7a7c6c2a,GOODSISSUE,2014-04-24 17:13:21,Marita Creagh
SC1,8ec5d06f-1014-4d7e-af33-3dd72bfe30be,GOODSISSUE,2012-12-11 19:05:20,Roy Ortego
SC1,0b4559b3-cfec-4120-9cd2-08de1fb38874,GOODSISSUE,2018-01-24 19:27:57,Irene Llanas
SC1,351c351f-d9c9-49bb-8967-b349a93092d3,GOODSISSUE,2017-05-21 21:16:55,Bradford Amarante
SC1,4b30e21f-aabc-4d77-a79e-f8b34378ed4d,GOODSISSUE,2010-06-02 11:41:07,Orville Sheilds
SC1,9e00379f-a8b3-4155-91a3-d2b008721a5e,GOODSISSUE,2011-02-05 00:21:15,Cherryl Vandine
SC1,bad87502-f07e-44df-b5d2-86c30a1e5b1a,GOODSISSUE,2017-03-09 05:17:40,Rona Hennis
SC1,ec4a041f-d0d6-44fb-b5ab-07854a1a5998,GOODSISSUE,2018-02-27 22:41:49,Lang Winkler
SC1,ce06b52b-bb39-4fc6-8672-aee951ca5104,GOODSISSUE,2019-11-16 22:33:54,Bradford Amarante
SC1,acc03a36-70ed-46bf-a8e9-efe4ab822e11,GOODSISSUE,2016-09-10 16:06:58,Cher Ehrmann
SC1,77d17a5f-bfd7-4fbe-94c0-8cbd23f3a735,GOODSISSUE,2012-02-18 13:38:31,Lang Winkler
SC1,a5abc823-15f0-451e-be6b-111911d901c3,GOODSISSUE,2011-12-31 12:14:54,Ward Weckerly
SC1,cffb6580-8026-41e8-8d6a-9608305606b1,GOODSISSUE,2017-04-15 19:49:54,Kristen Eckhoff
SC1,bab6a2a0-6a32-43bc-8037-facfef12c754,GOODSISSUE,2018-03-25 08:12:03,Lucina Boyers
SC1,1b786850-690a-48df-bb8e-10e3411a9791,GOODSISSUE,2016-12-21 13:24:30,Lora Rieder
SC1,186c83e5-1ddc-4b45-bd0a-7dd4e3f2d1bb,GOODSISSUE,2009-10-14 18:25:22,Felice Cover
SC1,43384160-c4fc-44a3-9fbf-1134c97b0794,GOODSISSUE,2011-12-28 17:58:27,Gloria Ashburn
SC1,7f5d3b3d-cb04-47ff-97c3-8fd754b9a00d,GOODSISSUE,2018-08-21 12:57:47,Lang Winkler
SC1,cdbe01ca-4e95-48d2-a13a-a4874951a317,GOODSISSUE,2015-08-17 15:59:30,Alvin Malin
SC1,4ced25de-c216-4643-8ad8-5a848398ae8a,GOODSISSUE,2014-09-10 08:21:24,Lucina Boyers
SC1,8c31c81b-f249-4ac8-a0d0-d4b06e3c20fb,GOODSISSUE,2010-05-23 08:41:55,Kristen Eckhoff
SC1,65830d59-3596-43a2-b82d-651a7565f1fe,GOODSISSUE,2019-12-20 11:21:29,Ward Weckerly
SC1,5b0b380b-8754-4e17-8139-7c4ba1326bd5,GOODSISSUE,2019-05-07 23:31:19,Karri Ptacek
SC1,76c10fbd-9a1e-4ba2-8a80-a61dbe65d384,GOODSISSUE,2019-11-02 10:25:35,Melissia Kreidler
SC1,7fe4306d-bad2-4b33-bac3-2f9ff4f50166,GOODSISSUE,2017-10-24 23:42:48,Alvin Malin
SC1,a3f0d1ec-09e8-4fe1-8a21-c14851a0ffc1,GOODSISSUE,2016-09-21 14:29:59,Lucina Boyers
SC1,875f6d8b-7632-4373-889a-7c4b7defda78,GOODSISSUE,2014-05-08 13:23:24,Lawerence Pintor
SC1,5e20aa55-9100-453f-9ff1-73a4e8f9f1ce,GOODSISSUE,2012-11-24 19:27:06,Alfonso Wernick
SC1,9dfd7ecb-bdbd-43a0-a2a9-6787e82be697,GOODSISSUE,2015-07-22 17:26:11,Lavonna Haymon
SC1,e479d431-2c0f-4736-874e-0910ecb35d8e,GOODSISSUE,2016-08-07 17:17:16,Lessie Scheck
SC1,cf56e2a9-4795-4443-9dbd-0a7e03c5d56c,GOODSISSUE,2018-09-12 01:42:47,Luisa Solar
SC1,81688281-55fa-4eeb-8e21-3959a7e4fe89,GOODSISSUE,2012-10-01 21:41:56,Alfonso Wernick
SC1,5655a5ab-13c5-4f8b-b2e1-e32c29b1cbe4,GOODSISSUE,2013-07-31 18:26:02,Lang Winkler
SC1,cc8edb08-c6cf-4dcd-9ae1-79821020812d,GOODSISSUE,2013-08-01 18:26:02,Marcela Ye
SC1,79719ff3-92ab-4c48-9ff8-3ff35f71b00f,GOODSISSUE,2015-08-22 02:13:09,Cher Ehrmann
SC1,f14cc6c6-e16d-496e-9a96-ece416379022,GOODSISSUE,2011-11-30 06:56:19,Irene Llanas
SC1,aeaabfc6-de45-42a8-bf21-5bf3776f5863,GOODSISSUE,2019-08-23 02:18:01,Rona Hennis
SC1,9b112fc7-e13a-489c-941c-7644a5ccaca0,GOODSISSUE,2013-07-02 12:23:09,Alvin Malin
SC1,c73c8915-c1d1-4102-9b9d-bc4660a74935,GOODSISSUE,2014-12-31 12:03:01,Luisa Solar
SC1,1f47c86d-a10a-42c7-a3fc-56d0d6c30b61,GOODSISSUE,2015-06-20 18:06:30,Francina Bevington
SC1,e00270fb-3258-4c57-af2f-35c8c11efed3,GOODSISSUE,2018-05-03 06:17:38,Toby Narvaez
SC1,e77992cd-d725-4cbf-949b-8d3c35ac552b,GOODSISSUE,2016-04-18 13:06:10,Ward Weckerly
SC1,ec241e28-07e9-40de-a50d-c98508373016,GOODSISSUE,2019-09-16 16:10:46,BATCH_JOB
SC1,babcbb58-23dd-4fbd-8d97-7c28ab9f60b9,GOODSISSUE,2014-02-26 00:09:09,Lang Winkler
SC1,c5d29962-cf81-4dc5-b234-6dc34fd88213,GOODSISSUE,2015-07-15 19:24:10,Ward Weckerly
SC1,4872d0d6-afb2-4715-be6b-6ad74c34cddc,GOODSISSUE,2016-01-25 01:56:58,Bradford Amarante
SC1,3fc6344c-74a3-4f90-876d-2790191abe05,GOODSISSUE,2019-08-20 00:48:20,Bradford Amarante
SC1,33c726d1-7e40-4804-bb3a-295a60c3001a,GOODSISSUE,2016-01-30 04:38:34,Yanira Gottfried
SC1,66af83dc-d3c8-4942-91e9-336d6e1840b7,GOODSISSUE,2019-07-24 04:41:10,Sharyn Laxton
SC1,691268e6-718d-46a8-b5bd-d96edf8821b2,GOODSISSUE,2019-07-28 04:41:10,Sharyn Laxton
SC1,2f0d19d7-e42c-42de-8169-758b13024b7d,GOODSISSUE,2017-03-07 06:53:08,Felice Cover
SC1,188b7356-4647-4aa0-a2d0-744271504e91,GOODSISSUE,2016-08-17 20:04:50,Lora Rieder
SC1,42f138be-9c82-44b1-bf88-fef77b214e2e,GOODSISSUE,2015-05-28 12:03:19,Karri Ptacek
SC1,92c1932e-190e-4c67-b9da-d5c0e60c9ab9,GOODSISSUE,2011-07-31 06:43:05,Cher Ehrmann
SC1,a0e63b88-0f42-4f45-b2ef-0c67405ee24f,GOODSISSUE,2015-04-23 06:16:35,Lang Winkler
SC1,1007b4f0-adbb-4638-9858-a647b7110738,GOODSISSUE,2010-03-03 19:05:25,Alfonso Wernick
SC1,dd44436a-2d73-4947-9a06-1087f1f98061,GOODSISSUE,2010-12-10 04:11:09,Marcela Ye
SC1,14602b6c-6d6d-40b2-8f75-0a3244d99545,GOODSISSUE,2016-12-09 18:27:17,Jena Jeans
SC1,957e59ee-b108-445a-9c07-31a37a9b1dc2,GOODSISSUE,2019-11-22 12:24:59,Emilio Sones
SC1,947cb87d-dfae-44f0-9034-62ebac277a18,GOODSISSUE,2016-11-20 14:10:37,Lillian Wheaton
SC1,3a7df4a5-d7b6-4957-b873-b016625774e5,GOODSISSUE,2013-01-09 18:59:51,Jena Jeans
SC1,e5c88396-66e8-405e-bbbf-d6c0024dfabd,GOODSISSUE,2019-06-14 01:30:47,Felice Cover
SC1,6a4db9e5-f585-48ee-8695-7b37ee76acd6,GOODSISSUE,2010-04-12 12:10:13,Jamie Mcclellan
SC1,e154d9dc-a1cd-447c-861b-cfb0de689339,GOODSISSUE,2014-06-16 15:44:59,Leontine Sifford
SC1,d85a11b6-89fd-4dfe-abaf-32e636ca3e51,GOODSISSUE,2010-12-12 02:44:14,Sharyn Laxton
SC1,ccd58cee-ce4f-46d9-896f-cd0ae10f283e,GOODSISSUE,2009-11-15 16:06:21,BATCH_JOB
SC1,3ce5a2df-0d09-420e-a172-0eb0e647bcb5,GOODSISSUE,2014-08-08 11:42:18,Karri Ptacek
SC1,9411f9dd-fadf-42a2-8109-e593436d36a2,GOODSISSUE,2018-05-26 20:28:44,Lawerence Pintor
SC1,ad0c7a12-ce7a-402b-a78e-4766b8b0d3ee,GOODSISSUE,2012-08-09 01:33:05,Irene Llanas
SC1,b86c07e1-aae5-4bb0-9035-38c81c5fa1b1,GOODSISSUE,2013-04-16 06:22:07,Margene Hamil
SC1,5d5ff1bd-1b6a-43a5-9178-fea5f8276885,GOODSISSUE,2018-10-23 16:36:57,Summer Fusaro
SC1,bc5c51ca-ce5d-4a81-b9ba-ef8e7c640a44,GOODSISSUE,2014-09-09 09:21:32,Lucina Boyers
SC1,e073564d-866c-4ed9-942a-23f04fd4637f,GOODSISSUE,2019-11-14 13:51:50,Dominica Kirkley
SC1,aec50aa9-cc5b-4408-bfb2-015634dfa0db,GOODSISSUE,2011-11-25 13:37:55,Summer Fusaro
SC1,f1c47034-9b22-4b9c-aed0-9833037f248c,GOODSISSUE,2010-09-16 05:26:29,Lessie Scheck
SC1,154c08f1-c024-46ee-ac3f-58dbbc9bfa98,GOODSISSUE,2010-10-11 02:45:01,Roy Ortego
SC1,7e18d500-9b22-425b-bef1-c67d33f8000d,GOODSISSUE,2018-06-30 23:23:48,Lawerence Pintor
SC1,9825baef-7755-408e-821d-697a8581f5dc,GOODSISSUE,2018-05-13 05:46:18,Lang Winkler
SC1,6b6c244c-d04e-4c32-a01b-464f446cb770,GOODSISSUE,2018-05-14 05:46:18,Lora Rieder
SC1,7dcc7c8d-8b00-4c84-bbb6-0dc16deb9d76,GOODSISSUE,2013-11-05 13:53:15,Dominica Kirkley
SC1,61b78b6f-0424-4fa8-ace3-6c5600902fe5,GOODSISSUE,2017-06-18 04:49:30,BATCH_JOB
SC1,59cf703f-49a4-439b-89b5-e643ef292981,GOODSISSUE,2014-12-06 13:08:21,Ward Weckerly
SC1,785f9833-42cd-4d13-95e8-019419353364,GOODSISSUE,2014-05-04 01:47:23,Ward Weckerly
SC1,17ed6bdd-34e0-440f-939f-10770ccca08c,GOODSISSUE,2017-01-07 10:15:42,Alvin Malin
SC1,ec24adf1-a035-4bf0-af2d-6629ba0b87c2,GOODSISSUE,2010-05-28 02:53:29,Tasia Snelgrove
SC1,ce57b730-30a3-44c1-8669-1704f9b204a4,GOODSISSUE,2011-09-03 15:00:05,Arletta Landen
SC1,c0f09eb0-789b-40af-ab56-f3020037aa57,GOODSISSUE,2018-08-16 04:50:26,Summer Fusaro
SC1,2bb909d6-a717-4bc5-a658-de746e80c952,GOODSISSUE,2016-09-13 10:55:04,Kenia Romine
SC1,400702ef-f5ec-4d78-aae3-45dfaf9e7d2e,GOODSISSUE,2012-09-25 21:45:01,Melissia Kreidler
SC1,ae775def-1fbc-4595-8a6d-3a78f8e7443f,GOODSISSUE,2015-01-06 00:16:07,Tasia Snelgrove
SC1,81cd24fa-c07d-4e8b-b5f0-b7a75e5f5ce8,GOODSISSUE,2013-10-28 13:37:48,Rachel Onorato
SC1,76a8593c-3c6a-4928-b66e-e16d3e0a17ca,GOODSISSUE,2017-08-22 12:27:37,Emmie Schuldt
SC1,e34008b8-a022-4984-b8cb-53a2f71ccd42,GOODSISSUE,2011-10-18 22:38:42,Jamie Mcclellan
SC1,08a88d9f-4856-4379-b622-0cf19200d378,GOODSISSUE,2010-04-08 11:29:26,Cherryl Vandine
SC1,90d35240-66a8-4865-b252-887479bd6e78,GOODSISSUE,2019-02-03 09:14:46,Felice Cover
SC1,c2fac371-3a4a-4731-9d21-ad8bf44130e3,GOODSISSUE,2011-11-09 14:19:52,Lora Rieder
SC1,19b0107f-b034-431b-8c55-35044f729885,GOODSISSUE,2011-05-09 23:19:58,Karri Ptacek
SC1,ee3f6028-4e7a-423d-9bc2-f96cf67c3f43,GOODSISSUE,2014-01-29 23:20:21,Arletta Landen
SC1,f5b0911c-68f9-494f-81a5-ea75be54a821,GOODSISSUE,2013-05-02 17:16:25,Ceola Harry
SC1,aa31f848-0b6d-42ae-b86e-e1777e30c924,GOODSISSUE,2014-09-09 19:18:16,Ward Weckerly
SC1,da9a1946-49b0-4766-b3b0-614af5d78e3e,GOODSISSUE,2016-10-01 03:31:48,Lora Rieder
SC1,41be371a-5923-4c69-b551-768df77e35db,GOODSISSUE,2017-01-25 00:16:49,Alfonso Wernick
SC1,f10c8af5-c582-4f69-8f06-1630e891cac8,GOODSISSUE,2018-12-20 15:54:29,Lora Rieder
SC1,1826e4f2-1076-48aa-b8aa-5880d6f43440,GOODSISSUE,2011-09-28 05:01:37,Lucina Boyers
SC1,dd88c079-3395-48e1-be9f-5e31d204d403,GOODSISSUE,2009-11-20 06:28:59,Cher Ehrmann
SC1,8fd7b119-e5a1-49b5-a76c-d2c521a6c91c,GOODSISSUE,2017-02-23 04:57:24,Anna Hulings
SC1,ef363903-7918-40ba-ac80-14a2a5f4d874,GOODSISSUE,2012-07-02 19:53:01,Orville Sheilds
SC1,f0972f05-8ad0-4d1a-8dd0-eafe9e9c2cb7,GOODSISSUE,2013-05-19 19:44:19,Leontine Sifford
SC1,dc60442d-b968-409e-b7a9-f2cd2dfd3bce,GOODSISSUE,2011-02-23 09:39:31,Emilio Sones
SC1,6f77e1f5-dd0a-42d1-883d-c5b26b095948,GOODSISSUE,2016-05-02 20:52:04,Karri Ptacek
SC1,9a90a2c8-5098-4ec6-b33e-0e1b9f1e88e9,GOODSISSUE,2011-06-05 17:33:48,Lillian Wheaton
SC1,0aee5a26-aee0-4bd6-a2b9-1417618252ee,GOODSISSUE,2014-04-14 20:53:11,Cherryl Vandine
SC1,463b6f31-82b6-4c1a-a1d9-9a4279fa2aa5,GOODSISSUE,2013-05-22 07:46:53,Emilio Sones
SC1,f9191461-6e37-4e17-8b3f-48663f090714,GOODSISSUE,2011-03-27 21:02:57,Irene Llanas
SC1,0463b843-2db9-4b5a-96dd-edd3e4b52722,GOODSISSUE,2011-06-02 09:02:02,Lavonna Haymon
SC1,713c447e-a046-4555-ad90-0b34b3a23310,GOODSISSUE,2015-03-30 18:40:23,Anna Hulings
SC1,bb84e4ce-d987-4eab-8b05-9a6d2836c612,GOODSISSUE,2011-04-27 21:59:49,Jamie Mcclellan
SC1,2cc5593c-0700-4ce8-be2a-a1fd66a37e95,GOODSISSUE,2012-03-12 00:57:57,Rachel Onorato
SC1,fefb7e86-e2bd-46fc-ac5a-f36a93102d38,GOODSISSUE,2010-04-27 16:11:15,Emmie Schuldt
SC1,e0313b08-8df1-46c7-8991-d5ad35f7937a,GOODSISSUE,2018-10-13 04:15:01,Dalila Proehl
SC1,fd1f1e62-f945-41d7-bb60-ab489c63f8d4,GOODSISSUE,2018-10-12 04:15:01,Rona Hennis
SC1,06a545e6-93a9-4bf7-86fe-1ec582e2c19e,GOODSISSUE,2019-10-09 07:27:03,Emilio Sones
SC1,78f2db3b-5472-45c3-a11b-fc00318f8f92,GOODSISSUE,2012-09-09 04:06:39,Alfonso Wernick
SC1,4c69cdf1-b699-4ca4-b91c-1404012b7d93,GOODSISSUE,2019-01-08 17:22:25,Lang Winkler
SC1,756fdf8c-f904-4d47-8a11-2276f7e1b498,GOODSISSUE,2019-01-11 17:22:25,Lillian Wheaton
SC1,6ce24bde-fa25-4b32-9c24-3487f0d448ca,GOODSISSUE,2018-01-18 12:14:40,Kenia Romine
SC1,d4a79696-a4a8-4c76-b9df-c52100a8fea3,GOODSISSUE,2011-07-03 23:43:35,Yanira Gottfried
SC1,10cb9ab2-455d-4756-9a29-a948611a04ae,GOODSISSUE,2010-04-29 20:37:58,Marita Creagh
SC1,de8c101d-6e88-46dc-bdad-154dfe648f39,GOODSISSUE,2010-11-11 00:13:45,Marcela Ye
SC1,e056a43d-cdfb-47b9-a5ea-f8f60d97a6bc,GOODSISSUE,2013-09-22 20:45:07,Dominica Kirkley
SC1,96571dce-73ae-48e9-a549-8348b8e8e103,GOODSISSUE,2014-08-25 09:12:16,Luisa Solar
SC1,eaa6590f-eae7-4514-98d0-ab2cb786afbd,GOODSISSUE,2012-08-09 19:08:06,Lavonna Haymon
SC1,fadba3ae-2d46-4cf9-8d8c-71b94944fa3f,GOODSISSUE,2019-04-20 00:15:18,Tasia Snelgrove
SC1,a80f40fc-518b-4c51-aafa-ba34a398ff8f,GOODSISSUE,2014-06-06 04:18:22,Rachel Onorato
SC1,e42be6af-8c27-4fc8-8371-69653b61bda7,GOODSISSUE,2014-06-15 13:02:24,Bradford Amarante
SC1,08cacb17-b433-46f6-9854-a78657248ef9,GOODSISSUE,2010-09-15 09:31:03,Luisa Solar
SC1,c073ebf9-6f80-40b7-a7b0-a2b0b967266b,GOODSISSUE,2017-03-10 11:51:57,Francina Bevington
SC1,6a72b8a1-644e-4385-b872-9ff1f9e24f7d,GOODSISSUE,2012-09-17 10:56:26,Toby Narvaez
SC1,d7583b97-65bf-46ce-8cfb-e3dedabefa45,GOODSISSUE,2019-10-28 08:29:53,Bradford Amarante
SC1,2b30d34a-08f3-41cb-a472-c4fdf684a825,GOODSISSUE,2017-07-18 20:10:12,Cherryl Vandine
SC1,350c7d67-648f-4e59-9466-873ac93cd908,GOODSISSUE,2015-06-07 14:27:40,Alvin Malin
SC1,7e82c5da-d4d5-45ec-809b-edc789a2b2fc,GOODSISSUE,2015-09-26 02:34:34,Toby Narvaez
SC1,1dfcf7f0-cae2-4f7b-94ea-20e63028b491,GOODSISSUE,2011-05-12 17:54:39,Lessie Scheck
SC1,c06694d1-91ed-426c-bf5e-9b10a99235f6,GOODSISSUE,2010-10-29 21:56:33,Leontine Sifford
SC1,412c1808-d027-49c1-8a90-e80ea163d650,GOODSISSUE,2013-05-01 18:20:28,Kenia Romine
SC1,d5e1ae15-9f40-47b7-bb49-ffbd01b550b3,GOODSISSUE,2016-04-04 08:50:49,Jena Jeans
SC1,80cb49de-fe21-4ce0-b849-8d9212454ff9,GOODSISSUE,2010-05-18 20:51:36,Kristen Eckhoff
SC1,c16f8b62-acab-4ca9-a9d5-52fc7210b44e,GOODSISSUE,2019-10-20 05:58:55,Alfonso Wernick
SC1,b17ce274-4b65-4db7-88b4-6491b24501bc,GOODSISSUE,2017-04-02 06:02:04,Irene Llanas
SC1,97f490a4-9bf9-4352-8307-f2d58278c1f3,GOODSISSUE,2011-02-09 03:29:18,Lora Rieder
SC1,331f5ed9-b333-45b8-922c-f57c3e9259d0,GOODSISSUE,2015-05-21 22:25:52,Gloria Ashburn
SC1,6bca7e8e-60a1-46db-bbb5-234d30add506,GOODSISSUE,2015-05-24 22:25:52,Melissia Kreidler
SC1,596ef038-3304-475a-8cf3-aa6bafe172a9,GOODSISSUE,2017-07-16 16:07:11,Toby Narvaez
SC1,330ec02c-906e-4745-908f-57de08c99d6f,GOODSISSUE,2013-09-15 06:03:32,Sharyn Laxton
SC1,410ebd8a-d75f-4ff3-96dc-f6cad987b4ad,GOODSISSUE,2019-07-04 09:39:20,Karri Ptacek
SC1,9085f4c8-d650-460e-a5d1-c16db0bb1d2f,GOODSISSUE,2019-05-15 13:37:19,Melissia Kreidler
SC1,2a2022f4-1c04-4320-a102-4ab4b34d0da0,GOODSISSUE,2012-08-18 03:56:10,Jamie Mcclellan
SC1,b5ee8251-9b10-455f-9c2e-7c885aeb7d99,GOODSISSUE,2009-02-17 12:51:48,Tasia Snelgrove
SC1,68ca6d4d-82e7-40a5-8a0a-41264834ac16,GOODSISSUE,2017-02-11 17:29:09,Kristen Eckhoff
SC1,43cb1c40-ce5f-4236-b46c-3b0de8493dce,GOODSISSUE,2017-02-06 17:29:09,Emilio Sones
SC1,5f69bbef-c5dd-4a91-bbba-bf5d78826789,GOODSISSUE,2017-06-10 08:06:42,Lessie Scheck
SC1,a4b24f45-d5ba-44d2-8608-21f69b951fe0,GOODSISSUE,2017-06-09 08:06:42,Lawerence Pintor
SC1,50be521e-a2e0-4b52-9815-91c4e34942e4,GOODSISSUE,2017-06-08 08:06:42,Dalila Proehl
SC1,88791ed8-ebd2-4773-8f9d-adb8002380bd,GOODSISSUE,2017-09-26 07:45:06,Felice Cover
SC1,5e67e933-3708-400f-9692-038cadf32b7e,GOODSISSUE,2010-04-20 06:20:15,Leontine Sifford
SC1,82d971c0-c003-4d43-894b-2fca1076079e,GOODSISSUE,2015-03-08 23:29:16,Marita Creagh
SC1,6f47564f-5b2d-47e7-8675-7006b6605ae7,GOODSISSUE,2014-10-06 16:04:41,Gloria Ashburn
SC1,4eaca8ff-51ab-449b-8525-14d7ee122595,GOODSISSUE,2011-06-20 14:47:36,Gloria Ashburn
SC1,055a2d92-b37d-4a47-a202-b783ae2698fb,GOODSISSUE,2009-07-17 20:13:52,Margene Hamil
SC1,535b3124-5a7d-46ba-a6a9-462b87c1874f,GOODSISSUE,2013-09-25 10:44:28,Lessie Scheck
SC1,d0bf5f84-5e00-424f-9b23-9f5881c1d1e8,GOODSISSUE,2014-04-10 16:03:54,Irene Llanas
SC1,a79dc808-239f-4550-a57a-593b5f79f715,GOODSISSUE,2009-08-27 04:26:45,Alvin Malin
SC1,7be8de46-0028-4a3b-9ab1-576f882491de,GOODSISSUE,2019-01-24 20:57:59,Lawerence Pintor
SC1,00b6c389-f253-4eff-b011-c62053c31ae0,GOODSISSUE,2010-05-26 17:22:52,Jena Jeans
SC1,bd72d388-6e58-4c1c-a3cd-1f6a085dc49e,GOODSISSUE,2010-05-28 17:22:52,Rachel Onorato
SC1,87823d28-ff07-4337-9cc0-c92242a5ee85,GOODSISSUE,2010-03-09 13:42:53,Ceola Harry
SC1,53e153d3-8776-4ad3-8bf2-a02122f662a9,GOODSISSUE,2018-09-19 23:29:22,Alfonso Wernick
SC1,9b14865c-c77e-4d34-bf3b-73e4dc937eeb,GOODSISSUE,2011-10-22 18:22:55,Leontine Sifford
SC1,16136450-a41f-420f-bfba-b6e00f53b253,GOODSISSUE,2011-12-13 18:46:55,Sharyn Laxton
SC1,8c47805e-e82f-4cb0-8582-dbece571afa1,GOODSISSUE,2010-05-22 09:24:42,Gloria Ashburn
SC1,cb5c7cf8-b86b-41b5-9879-4f881190b804,GOODSISSUE,2013-12-27 15:19:17,Dominica Kirkley
SC1,18008bec-568c-487b-bf7e-f25c6a234381,GOODSISSUE,2012-12-12 09:25:41,Melissia Kreidler
SC1,c8fcf604-5ff7-45be-b430-719491e5c39f,GOODSISSUE,2017-04-28 23:41:36,Marita Creagh
SC1,5955a55c-45e1-4545-85cf-e0b85ccd2987,GOODSISSUE,2016-01-30 13:30:20,Tyree Decastro
SC1,523d5aac-73ed-4c31-9905-9796d2fd6c63,GOODSISSUE,2018-02-13 22:34:26,Margene Hamil
SC1,678f2a0c-71e0-4e38-80db-7781ed1942ea,GOODSISSUE,2016-03-18 03:58:00,Kenia Romine
SC1,8472a7ca-7d88-4cab-ace7-b1eb83bb478f,GOODSISSUE,2011-06-13 11:06:21,Cher Ehrmann
SC1,e77411a5-5d54-47d2-8e82-06bace7383cf,GOODSISSUE,2014-12-02 00:22:30,Dominica Kirkley
SC1,1931864f-6a83-4a41-9c9f-e4eeb39752f8,GOODSISSUE,2018-05-04 19:03:58,Luisa Solar
SC1,bfbd6728-7613-49c4-bb76-0cd1fa1a8114,GOODSISSUE,2010-12-02 21:20:57,Felice Cover
SC1,5ed0609a-3251-4950-b73d-e182d0f4dcbf,GOODSISSUE,2012-10-15 21:48:54,Kristen Eckhoff
SC1,b5c5058b-7d98-44d9-b4ab-a9b10a0013bc,GOODSISSUE,2019-04-24 04:54:09,Kenia Romine
SC1,4bd8a44a-93ae-4fc4-a239-284fe58649b7,GOODSISSUE,2014-08-03 20:05:07,Sharyn Laxton
SC1,3a2f1172-3fef-4850-95d3-d6771b92e817,GOODSISSUE,2013-10-21 10:26:22,Lang Winkler
SC1,421ec3d8-7526-45fd-881f-6a730399b2b9,GOODSISSUE,2011-08-30 12:53:42,Ceola Harry
SC1,831f5f00-6b2c-4ddb-9a8a-13061ac22b16,GOODSISSUE,2012-02-01 08:05:34,Marcela Ye
SC1,c29b4cd3-1a7b-49fc-abe7-127b22aa767f,GOODSISSUE,2009-12-31 03:39:29,Dominica Kirkley
SC1,0ffc778d-44b4-4533-87e4-aedf2c61fc33,GOODSISSUE,2014-10-01 10:06:54,Jamie Mcclellan
SC1,b199de0c-7d29-46a7-88f8-c978e57ff736,GOODSISSUE,2013-06-20 16:39:22,Tyree Decastro
SC1,2d81d0e3-a3ed-490d-8bea-f751aca865d6,GOODSISSUE,2009-12-22 15:22:38,Gloria Ashburn
SC1,25614613-15c6-486b-9800-276f0ffadbdc,GOODSISSUE,2019-10-03 01:34:48,Arletta Landen
SC1,003e4831-234c-4fe0-b8af-8d6792f40572,GOODSISSUE,2011-05-09 08:05:01,Kenia Romine
SC1,cd9771ad-0ca9-4282-9730-27d8439ab65d,GOODSISSUE,2010-09-18 06:33:37,Leontine Sifford
SC1,6318a314-0511-4f67-9779-e9a0098d90a1,GOODSISSUE,2012-11-22 17:09:40,Margene Hamil
SC1,87ad79d6-cb8d-474f-8246-12ab69672053,GOODSISSUE,2011-02-19 22:52:05,Dalila Proehl
SC1,b06565ae-e897-4805-bb1e-2ebe7e431851,GOODSISSUE,2012-04-27 07:15:05,Francina Bevington
SC1,5403fbab-e76d-4eac-a28c-0d3ea9d1a4f6,GOODSISSUE,2016-12-07 03:41:23,Emilio Sones
SC1,3b5f4ca5-d2aa-4fa4-a7c2-a43a6f9f589b,GOODSISSUE,2016-11-01 13:08:25,Lavonna Haymon
SC1,0d4269b3-d268-4259-88b2-8fd59f838ae7,GOODSISSUE,2015-12-11 16:20:36,Karri Ptacek
SC1,9bb09247-af3c-4f65-8cfb-edf58d8bc59e,GOODSISSUE,2018-01-08 17:49:37,Anna Hulings
SC1,57a4fb45-ef51-4082-8ff5-fb0b80ff4e0f,GOODSISSUE,2009-05-31 01:18:16,Lucina Boyers
SC1,a973b88f-803b-4052-baa6-92b671bad83d,GOODSISSUE,2013-05-14 08:39:32,BATCH_JOB
SC1,dfa77ed1-5a16-4adb-8fb3-e680b121ad74,GOODSISSUE,2010-06-29 21:12:40,Lillian Wheaton
SC1,704f74e5-e470-4792-ac75-5acd89d6a5af,GOODSISSUE,2019-04-08 21:07:15,Lavonna Haymon
SC1,cadd33f5-4cb6-4d3a-ae8a-f0354dc17036,GOODSISSUE,2014-02-13 22:55:25,Yanira Gottfried
SC1,cab52d9e-4887-4adf-b1e2-61b1590d5371,GOODSISSUE,2014-09-19 18:03:39,Emmie Schuldt
SC1,84e705b1-7f61-491c-a0f4-856a3824741d,GOODSISSUE,2019-01-03 21:50:38,Cherryl Vandine
SC1,bd59f104-3fae-4cc1-ab82-9e724163eb09,GOODSISSUE,2014-09-06 22:30:11,Dominica Kirkley
SC1,587b6357-696f-496f-93a6-5aa792db9f97,GOODSISSUE,2013-11-27 02:23:40,Cher Ehrmann
SC1,d537325b-dfad-4df5-acd5-ef1f6f36d644,GOODSISSUE,2015-04-15 05:08:25,Yanira Gottfried
SC1,65d62a0d-ba5d-46d8-a306-48eee4c38eee,GOODSISSUE,2018-10-30 16:08:06,Kristen Eckhoff
SC1,51d29704-fe0e-4fd7-9b23-06758d83273c,GOODSISSUE,2018-08-06 17:01:09,Arletta Landen
SC1,567cd78a-b678-4a08-b8c4-0dbf4689ff4f,GOODSISSUE,2012-04-30 13:12:18,Tyree Decastro
SC1,c8203e7c-efe3-4769-984b-ceab81912497,GOODSISSUE,2016-09-01 07:44:34,Cherryl Vandine
SC1,362bc0c4-19cf-4906-9990-11ebe4e0542b,GOODSISSUE,2012-03-03 17:43:20,Alejandro Atwood
SC1,34d40c8e-36c0-4cca-9be0-697ed6d9d81c,GOODSISSUE,2015-03-01 03:06:40,Alfonso Wernick
SC1,df1f29c9-6e3f-4528-8963-07ee30f6587d,GOODSISSUE,2016-01-01 14:52:12,Irene Llanas
SC1,a737b21c-d5f6-4464-ad38-774c758cabc6,GOODSISSUE,2012-02-22 07:50:58,Margene Hamil
SC1,5d2bc6d2-5290-4f18-83c6-1c8249d1818a,GOODSISSUE,2018-02-12 03:01:18,Jamie Mcclellan
SC1,dc40e621-8764-4a51-b211-c81b8cb04e79,GOODSISSUE,2015-07-28 03:33:58,Francina Bevington
SC1,270552b6-e139-488d-b0ff-7959b367b056,GOODSISSUE,2017-05-14 05:28:13,Alejandro Atwood
SC1,5a652921-fc32-4360-ad6f-bc307f9511ae,GOODSISSUE,2017-05-15 05:28:13,Francina Bevington
SC1,7e5a9e43-bd71-412d-bd1f-b5ff639d9382,GOODSISSUE,2018-07-11 12:29:50,Lavonna Haymon
SC1,0e0c79b4-5555-4619-b24c-7d6413a73ec1,GOODSISSUE,2011-01-07 02:27:42,Felice Cover
SC1,a07943f5-95dc-42b9-8572-f607a7a75bcc,GOODSISSUE,2016-04-29 22:25:21,Karri Ptacek
SC1,c9390162-014a-4b74-a263-47407c5b8d58,GOODSISSUE,2015-07-19 19:47:01,Alvin Malin
SC1,eaef866d-3113-4f5b-a7c5-3f1fac0def35,GOODSISSUE,2018-11-09 10:16:20,Dominica Kirkley
SC1,e30094be-9332-4a9c-ae8a-3bc797fce0da,GOODSISSUE,2010-03-09 03:52:14,Lillian Wheaton
SC1,5ad0b7bc-91dc-446b-80cc-76560ca2b94d,GOODSISSUE,2017-07-13 06:02:52,Tyree Decastro
SC1,b6a07941-ef53-4a5d-8129-43dfb4d6b3a0,GOODSISSUE,2017-09-19 18:19:31,Arletta Landen
SC1,63795dd8-0eb2-425f-a004-4497ed4a6373,GOODSISSUE,2018-07-17 16:08:21,Ward Weckerly
SC1,3662638b-e3f8-4a9c-bbb2-931d12fbe7f8,GOODSISSUE,2015-10-12 22:39:40,Tasia Snelgrove
SC1,8534c4a5-21e4-40a7-a0d8-fa494cbed203,GOODSISSUE,2013-03-22 04:31:12,Karri Ptacek
SC1,02dad876-caa5-40fb-a23f-778072298abb,GOODSISSUE,2018-08-27 20:10:08,Lora Rieder
SC1,e0ba3df8-d7e0-436b-8ba4-09c07013cf03,GOODSISSUE,2018-03-30 14:22:46,Lora Rieder
SC1,d760042d-a810-42cb-b226-d22413f99426,GOODSISSUE,2010-11-24 21:06:00,Sharyn Laxton
SC1,f12be291-2f2a-498b-a540-8799daecc480,GOODSISSUE,2016-11-05 04:05:03,Leontine Sifford
SC1,619e95ab-a668-4bbe-a8c2-2c6a76649b50,GOODSISSUE,2013-11-06 18:21:46,Emmie Schuldt
SC1,5265ad55-4891-4adb-9edf-4aa9bda4b661,GOODSISSUE,2013-09-10 19:28:38,Margene Hamil
SC1,2bf6d838-ded6-40cd-8c77-5a1a0497ebd5,GOODSISSUE,2019-04-09 16:17:34,Lora Rieder
SC1,6b46f677-6001-45d5-ae30-082b9dead0d0,GOODSISSUE,2015-11-21 03:06:02,Lang Winkler
SC1,c5d7d41c-aaa0-4219-8687-145e1752ce9d,GOODSISSUE,2014-06-30 09:22:45,Gloria Ashburn
SC1,237260c1-feb7-4a10-9c33-617dd3b08ed6,GOODSISSUE,2018-02-01 14:10:23,Arletta Landen
SC1,5625192c-2dc6-403e-8c38-e96baa40240f,GOODSISSUE,2017-10-09 16:00:47,Toby Narvaez
SC1,332c8a93-aaf8-4904-be9d-056ab1d26be4,GOODSISSUE,2013-01-30 16:28:51,Arletta Landen
SC1,c8d5b9df-5427-432f-915f-15671a7db86f,GOODSISSUE,2013-08-31 11:11:32,Rachel Onorato
SC1,a28375d4-32ba-4419-8a0f-5900a7973c9a,GOODSISSUE,2010-12-12 22:56:36,Tasia Snelgrove
SC1,fe5c73d5-89ca-4361-b167-fef54440a833,GOODSISSUE,2009-07-27 04:04:57,Orville Sheilds
SC1,00db5ccc-2deb-481f-9872-c39031ed63b3,GOODSISSUE,2018-09-30 15:18:18,Gloria Ashburn
SC1,8530da2d-3d31-4a46-a141-0f11d143e1cb,GOODSISSUE,2009-07-28 17:33:49,Marita Creagh
SC1,e50180e9-cc32-46f1-bede-d1962ad5e17b,GOODSISSUE,2012-10-08 20:37:28,Ceola Harry
SC1,9ec1bd27-42f5-4466-b1cf-4f7742475f82,GOODSISSUE,2010-08-22 07:41:49,Ward Weckerly
SC1,2e3ce7d2-6d98-462b-a179-6ed55d22ac73,GOODSISSUE,2019-12-29 13:11:46,Dominica Kirkley
SC1,ee15a6e9-0379-4e35-a654-7a5f679a1568,GOODSISSUE,2018-03-20 14:59:45,Margene Hamil
SC1,9e9e37db-0f6f-4d0b-aaaa-a74c6a598726,GOODSISSUE,2010-12-02 03:48:50,Orville Sheilds
SC1,4f94490b-de6d-42eb-8e4f-ed0cad703d0b,GOODSISSUE,2011-12-30 09:06:29,Orville Sheilds
SC1,c365a6b0-d381-46dd-b188-81d127e9ce6f,GOODSISSUE,2014-04-07 20:50:52,Summer Fusaro
SC1,544b7043-9948-4f16-99c3-deec20093910,GOODSISSUE,2010-09-01 16:50:11,Lucina Boyers
SC1,fb42810d-afaa-4dff-8602-de87442906b0,GOODSISSUE,2012-10-04 13:42:06,Summer Fusaro
SC1,414f4f41-1cd8-4b25-88cb-d9eaf39e2507,GOODSISSUE,2012-03-03 10:32:13,Cher Ehrmann
SC1,ee6abe93-0153-44c1-a43f-ecd341d372c3,GOODSISSUE,2014-06-15 15:03:46,Tyree Decastro
SC1,10e012cf-66ea-4a9f-b8a3-28cc1ccd1b53,GOODSISSUE,2016-03-22 17:41:36,Anna Hulings
SC1,ae3ae5e9-a217-45e7-8afc-7b063907a799,GOODSISSUE,2016-03-13 13:10:42,Marita Creagh
SC1,525ca0ab-389c-4a49-83ab-1115b859c7f2,GOODSISSUE,2014-09-25 15:58:07,Arletta Landen
SC1,8ea654aa-6773-4379-a62e-53f21498375a,GOODSISSUE,2019-10-16 06:55:11,Alvin Malin
SC1,a10c0b76-ae7d-4687-bf2e-5365d518ccca,GOODSISSUE,2016-08-04 04:43:57,BATCH_JOB
SC1,0464a5b1-7a17-4489-9888-87e7b9288211,GOODSISSUE,2017-10-25 11:31:38,Alfonso Wernick
SC1,5bc5b059-5d20-4af1-9f03-525c3d041df9,GOODSISSUE,2018-01-08 07:23:28,Emmie Schuldt
SC1,0aac73d5-817b-4103-b4f4-32ae31274de0,GOODSISSUE,2013-11-21 02:20:17,Lucina Boyers
SC1,7ea25d25-c1ec-4d4a-8959-039c1bb46b0d,GOODSISSUE,2016-08-09 16:16:53,Margene Hamil
SC1,a7ab8e16-3042-41c8-b083-b92e63d677fc,GOODSISSUE,2012-06-29 02:58:15,Anna Hulings
SC1,882485a9-4805-45e7-adbc-240be981a281,GOODSISSUE,2016-01-26 14:57:34,Emilio Sones
SC1,9ce87951-1e09-45ab-a7f0-c3ffedd065ac,GOODSISSUE,2017-02-17 02:46:51,Kenia Romine
SC1,02c198e8-f653-4c76-a1a5-aa3b1cfdf5ee,GOODSISSUE,2014-06-16 06:35:19,Melissia Kreidler
SC1,eb059428-34b6-42f0-b3b1-0820d9e2ecef,GOODSISSUE,2016-07-21 03:36:12,Felice Cover
SC1,a9b59060-428e-4b4b-97ab-a37706217dd7,GOODSISSUE,2017-03-11 04:25:38,Emmie Schuldt
SC1,c62085c5-b2d9-4b34-809e-03343a3fc120,GOODSISSUE,2019-10-30 09:01:16,Emilio Sones
SC1,b3d4852a-691d-4e70-9b3c-555501b1cc15,GOODSISSUE,2009-11-17 21:55:05,Irene Llanas
SC1,d119299c-fea7-4273-91e4-8d848a25a669,GOODSISSUE,2013-03-16 23:02:24,BATCH_JOB
SC1,4169a7c0-6f34-4452-9138-6f97cbeb0459,GOODSISSUE,2019-04-18 23:21:23,Francina Bevington
SC1,3c70e51b-b883-4090-926c-980c1a19760f,GOODSISSUE,2009-10-07 12:38:10,Rona Hennis
SC1,a01e88fc-59df-441d-bfb9-a346c2cc160e,GOODSISSUE,2019-08-25 00:42:02,Rona Hennis
SC1,e4145b13-97ca-4db9-a6b6-a02dc868d35b,GOODSISSUE,2014-02-14 14:34:34,Alejandro Atwood
SC1,610212a8-63ce-4d6b-8f53-dfa7816f9be6,GOODSISSUE,2010-12-30 02:31:05,Margene Hamil
SC1,5cf9198e-38c7-465c-a35e-88b08f8af0f0,GOODSISSUE,2011-01-01 02:31:05,Alvin Malin
SC1,3d9fd154-2c77-49e3-9c02-374bf0245957,GOODSISSUE,2014-03-25 02:11:05,Francina Bevington
SC1,113c8bb9-4085-469b-b3c8-440f4a23af85,GOODSISSUE,2011-03-01 20:54:36,Alejandro Atwood
SC1,4290028f-cf3c-449d-ba34-20d41246578c,GOODSISSUE,2011-10-15 17:18:07,Alejandro Atwood
SC1,fa0a2b46-e9e1-40bd-9f47-bf4130534ca8,GOODSISSUE,2017-11-27 00:14:33,Alvin Malin
SC1,ce631b59-e613-4b88-a937-a357f1cc27fb,GOODSISSUE,2012-10-21 03:06:12,Dalila Proehl
SC1,b839d61e-6af6-4e25-8fda-991491ef80e7,GOODSISSUE,2015-11-23 02:00:59,Toby Narvaez
SC1,27b0a109-73f0-41c8-98ec-3ae2c935a160,GOODSISSUE,2012-10-05 03:11:38,Arletta Landen
SC1,c7a32def-7873-4f9e-89f8-9afba0b08e81,GOODSISSUE,2019-08-13 02:39:01,Jamie Mcclellan
SC1,4d3f97a9-b01a-4b09-9af3-2be9b015e2be,GOODSISSUE,2019-11-23 01:40:21,Jena Jeans
SC1,935b0f6c-ca87-4edf-9861-0a753fb68ae5,GOODSISSUE,2010-03-30 17:46:57,Kenia Romine
SC1,531a3e21-0dd2-46d1-ab6a-114c1f8938bf,GOODSISSUE,2017-12-24 16:44:26,Kristen Eckhoff
SC1,2f8e75b9-39a1-48b3-a2e5-757f4e574855,GOODSISSUE,2011-06-14 03:52:13,Karri Ptacek
SC1,1a72881f-e1e0-4315-a002-8478ba6d250d,GOODSISSUE,2018-07-09 16:25:29,Kristen Eckhoff
SC1,901e6ef2-12c7-4c0e-a4c6-c9b6baddb81b,GOODSISSUE,2014-05-19 10:30:01,Lora Rieder
SC1,68ed1c0a-a7fc-4df8-810c-2c22f56fe650,GOODSISSUE,2017-03-13 22:04:13,Alejandro Atwood
SC1,50a0ce7e-9f41-4e3a-9973-8570685b7994,GOODSISSUE,2014-08-16 12:01:36,Emmie Schuldt
SC1,d1681d2b-98cd-440a-b1df-4585f54b263d,GOODSISSUE,2018-07-17 18:52:37,BATCH_JOB
SC1,9993dfe0-e5f4-4f9c-a21b-93fca8ffbe16,GOODSISSUE,2015-06-21 17:01:39,Roy Ortego
SC1,6254031a-cd8a-4a1d-b077-7d60241bae1b,GOODSISSUE,2013-08-19 07:14:39,Jena Jeans
SC1,d40d4e2a-b523-44dc-af2a-58f84427520f,GOODSISSUE,2011-04-13 02:36:02,Dominica Kirkley
SC1,91e354d3-28ef-468a-9cba-e4ad7ded10b1,GOODSISSUE,2017-03-09 16:20:51,Jamie Mcclellan
SC1,868b89fd-abee-441e-a4fb-a581df16319b,GOODSISSUE,2017-08-22 00:57:29,Kenia Romine
SC1,05b85786-2fe8-4391-90be-1e27e63ed7ad,GOODSISSUE,2017-08-26 00:57:29,Marita Creagh
SC1,f42dd72d-dbca-455d-8a78-d0e45007033e,GOODSISSUE,2011-06-03 22:35:20,Margene Hamil
SC1,a7dd031f-f927-4419-838c-4bfc36b20ad1,GOODSISSUE,2018-05-23 11:44:29,Suellen Noecker
