MANDT,VBELN,VBTYP,ERNAM,ERDAT
SC1,fa1a1720-4d44-45ce-ad25-19d3c45ec7ae,INVOICE,Rona Hennis,2019-02-27 12:14:02
SC1,3a03cd14-6ff7-4f62-999b-3eba66388ca8,INVOICE,Marcela Ye,2009-10-06 14:13:36
SC1,2aaecbf8-9c1c-4cd1-9ca5-fc1336e7337d,INVOICE,Tasia Snelgrove,2010-05-20 01:18:20
SC1,935cef34-ca58-43ff-92bf-0fa4ea207f76,INVOICE,Lucina Boyers,2018-12-20 23:03:44
SC1,72a0b5e6-2bd6-4ecc-9ed1-7347f19852ba,INVOICE,Lucina Boyers,2015-08-19 00:35:26
SC1,55653be4-177b-4fcc-a27a-97d781b263ba,INVOICE,Rona Hennis,2017-12-12 09:03:23
SC1,502e6c67-ce83-4e0e-b24f-730f72e06d26,INVOICE,Melissia Kreidler,2014-04-15 08:43:00
SC1,63246b6a-13b4-4f1d-92af-986245e1964d,INVOICE,Rachel Onorato,2018-02-26 17:41:54
SC1,10ad2da6-fd69-40c8-8519-7150209f3965,INVOICE,Tyree Decastro,2019-06-07 20:09:31
SC1,e2b74bb8-b473-49e9-a5e1-165f26db7547,INVOICE,Lora Rieder,2010-11-11 16:17:27
SC1,a614f9d3-755a-496f-80b2-4f3bc69a4349,INVOICE,Gloria Ashburn,2012-02-19 05:54:13
SC1,35fb6584-b21a-42b9-83cf-3260ff6e681b,INVOICE,Lucina Boyers,2009-10-26 02:40:57
SC1,8dba5697-8676-493e-8ae9-dfd826549b19,INVOICE,Lavonna Haymon,2013-09-24 12:58:39
SC1,ebfba327-f8e6-4a58-8b14-9835af1c9a7f,INVOICE,Rachel Onorato,2010-12-03 02:03:12
SC1,5e6e70f8-1d11-4b38-b451-9fc4741f5359,INVOICE,Cherryl Vandine,2019-10-16 19:47:09
SC1,dbdaf4aa-a8e6-4ca8-bed4-dc6c0cd1ecec,INVOICE,Karri Ptacek,2012-09-09 23:15:48
SC1,63d25968-3696-4ab1-9a3b-b795aa94ffae,INVOICE,Tyree Decastro,2011-01-27 09:58:23
SC1,3034703d-dc0f-4a09-9687-663d425e7a48,INVOICE,Margene Hamil,2016-03-12 16:09:44
SC1,3594c54b-a886-40e7-9e15-2ebfff40fce4,INVOICE,Alejandro Atwood,2018-12-01 14:15:01
SC1,d9de0d9c-2ad4-4c25-89b4-137291d5b71c,INVOICE,Bradford Amarante,2014-12-26 13:27:47
SC1,cfd75882-1ce1-46a3-b0e0-19685442cc8c,INVOICE,Roy Ortego,2013-07-12 12:35:35
SC1,6faee589-64d7-4fa0-9bb4-83aac847e641,INVOICE,Bradford Amarante,2018-07-03 13:09:13
SC1,ee7a3423-b627-4a6a-acca-6eb39cc6a4a6,INVOICE,Francina Bevington,2019-03-06 21:04:43
SC1,366820bf-7a94-401e-821d-14e2993f7be4,INVOICE,Felice Cover,2019-07-19 16:34:08
SC1,c90d18da-69aa-4f6b-867b-02daec5b8e95,INVOICE,Kristen Eckhoff,2018-04-30 17:58:13
SC1,270db7ee-54f5-4aad-a38e-46e40f48aaf9,INVOICE,Lang Winkler,2015-02-22 10:45:07
SC1,448d1ebb-bd0b-41ab-9629-d10d95781655,INVOICE,Lawerence Pintor,2013-04-22 06:30:14
SC1,76f9af26-e882-451d-a1b8-cfb3915f3360,INVOICE,Bradford Amarante,2014-09-14 20:06:14
SC1,382c2461-206d-41c4-ae0a-9fe2a4af182a,INVOICE,Alvin Malin,2018-04-10 20:51:44
SC1,382c2461-206d-41c4-ae0a-9fe2a4af182a,INVOICE,Summer Fusaro,2018-04-10 21:04:44
SC1,382c2461-206d-41c4-ae0a-9fe2a4af182a,INVOICE,Leontine Sifford,2018-04-10 21:23:44
SC1,382c2461-206d-41c4-ae0a-9fe2a4af182a,INVOICE,Jena Jeans,2018-04-10 21:07:44
SC1,469b1589-b8ee-407d-8ed6-f0bb2a31ad1f,INVOICE,Rona Hennis,2012-01-16 10:45:57
SC1,a1bf4573-352e-4a18-b0da-778421457437,INVOICE,Irene Llanas,2019-03-04 07:49:02
SC1,3997dfff-d142-4d71-9a3b-2aed8e6d72f8,INVOICE,BATCH_JOB,2012-03-07 02:57:22
SC1,a23e91d4-5784-44be-881f-66ac63f6345b,INVOICE,Marita Creagh,2013-09-13 10:37:21
SC1,a0d964d9-108f-4dc3-a740-86cb417665c0,INVOICE,Karri Ptacek,2017-01-22 10:21:05
SC1,7bcdf9d1-f2eb-4c62-8588-d777878d081c,INVOICE,Rachel Onorato,2017-11-22 11:12:04
SC1,e8aac603-6f84-4821-b55f-e111c38a22fe,INVOICE,Lavonna Haymon,2011-08-28 04:41:02
SC1,a6ad416e-f1f0-4b1d-b82e-ddaec829baa0,INVOICE,Summer Fusaro,2018-09-12 22:09:30
SC1,c7874e64-529d-4725-a53a-8033cac65ca3,INVOICE,Emmie Schuldt,2013-08-11 00:49:41
SC1,3ba3b05c-8a6e-4b0e-a343-29eff7b3d8a4,INVOICE,Roy Ortego,2012-01-11 09:00:29
SC1,aa746aad-a639-40fe-b23b-562bec049c72,INVOICE,Ward Weckerly,2013-12-09 16:04:05
SC1,4fb4772f-989b-4fe2-8683-5f2eb2d6315c,INVOICE,Emmie Schuldt,2013-01-02 13:38:37
SC1,a9dae834-f6ed-49dc-852c-22842d8d095f,INVOICE,Alfonso Wernick,2014-04-25 00:02:37
SC1,7541fb06-e519-42f5-b6c0-3da7e9300a97,INVOICE,Lucina Boyers,2014-02-07 04:35:22
SC1,06454b57-d021-4416-af73-2d2ec7732acf,INVOICE,Jena Jeans,2015-07-15 16:51:41
SC1,17af3678-76c5-4837-8e94-3222dcf5a6df,INVOICE,Lucina Boyers,2014-11-04 02:35:15
SC1,12ae98c7-3cbb-402d-a019-ed8cbc5971f4,INVOICE,Cherryl Vandine,2019-02-18 15:35:00
SC1,02bea05d-699a-4906-a1a5-384ba29b73dd,INVOICE,Ward Weckerly,2014-02-04 06:25:48
SC1,380370a0-880c-43bc-bebf-115a701ceae3,INVOICE,Kenia Romine,2010-05-18 12:33:25
SC1,380370a0-880c-43bc-bebf-115a701ceae3,INVOICE,Melissia Kreidler,2010-05-18 12:07:25
SC1,30952561-c376-4295-b9c3-8dd9c94503c4,INVOICE,Marcela Ye,2013-05-03 04:32:26
SC1,30952561-c376-4295-b9c3-8dd9c94503c4,INVOICE,Rachel Onorato,2013-05-03 04:56:26
SC1,5710af51-b4f4-4f52-bf05-18717f147343,INVOICE,Lavonna Haymon,2016-06-17 21:15:11
SC1,cf2d8661-3b88-4091-bfd6-ecef7a579702,INVOICE,Orville Sheilds,2011-11-03 07:58:12
SC1,b9a5727a-ad1c-4bd3-bce5-33c4106ce84e,INVOICE,Rachel Onorato,2018-03-06 01:15:29
SC1,dfc75490-9643-4f15-a5c2-f719780ccb3a,INVOICE,Melissia Kreidler,2010-07-17 00:25:23
SC1,e226a662-2664-4496-a55b-add28fc141eb,INVOICE,Gloria Ashburn,2011-04-06 18:06:17
SC1,f0708fc2-bd51-4bde-a165-599da66f7bdf,INVOICE,Kristen Eckhoff,2010-09-23 15:04:21
SC1,07c2d3a1-54cc-460d-8c5c-3fa7d2e4da5e,INVOICE,Bradford Amarante,2012-02-06 18:54:00
SC1,09ebd701-4d59-4d54-a4f5-67a3d18b20c8,INVOICE,Kristen Eckhoff,2011-11-06 19:11:22
SC1,f0604d96-fb57-4ca7-9efb-3251590efa93,INVOICE,Kristen Eckhoff,2016-01-14 02:35:35
SC1,7b325ab5-4a4a-4e1f-a628-c2b9a71e35ae,INVOICE,Melissia Kreidler,2018-04-26 11:21:02
SC1,ccc3dfb6-8a9f-4059-b20e-7045b51538b4,INVOICE,Sharyn Laxton,2011-05-23 16:14:37
SC1,0089578d-4717-449f-8eac-0bac9e362f2f,INVOICE,Lawerence Pintor,2018-05-19 14:12:23
SC1,90044d18-7d2a-45c7-8492-0bd0339e03e2,INVOICE,Karri Ptacek,2014-02-01 17:25:50
SC1,04615037-01b0-4915-8def-6c897b681fe4,INVOICE,Alfonso Wernick,2018-10-25 20:57:29
SC1,3c424692-062d-4f25-8cef-d8e0301c518b,INVOICE,Rona Hennis,2018-05-13 22:56:14
SC1,fc80a662-f347-48b0-8ece-81a4d04c629c,INVOICE,Anna Hulings,2011-12-31 15:19:51
SC1,a742728b-9c19-49e8-9bf2-ff27f7c74cb0,INVOICE,Suellen Noecker,2015-07-16 07:40:22
SC1,49965b44-4976-43d6-983a-053e4b353d2a,INVOICE,Lawerence Pintor,2009-02-27 00:13:41
SC1,a05f06d1-0d50-44e5-9eb6-8adc28d56cf4,INVOICE,Anna Hulings,2016-06-15 17:35:51
SC1,0cf41333-509f-434d-a722-64bb0ad0aac2,INVOICE,Toby Narvaez,2014-11-23 11:24:30
SC1,8b15ccc8-26b2-462e-ad68-ba51119733d8,INVOICE,Roy Ortego,2019-11-26 01:28:47
SC1,e59b76de-cc59-4599-9447-6ab023804980,INVOICE,Melissia Kreidler,2012-05-28 00:25:23
SC1,3081df42-2b17-4ded-889b-b6980e66b955,INVOICE,Lang Winkler,2019-12-17 18:46:13
SC1,88221f65-f918-423f-b85e-2001c7e574f9,INVOICE,Arletta Landen,2010-05-21 12:10:20
SC1,a4468ac8-d13c-40cd-88b3-43cbbef2ec2b,INVOICE,Karri Ptacek,2011-09-26 08:13:01
SC1,1621f8f6-9583-4085-97e6-e53631d83cd4,INVOICE,Dominica Kirkley,2018-08-24 13:07:47
SC1,ca6ea7db-7209-49c8-957b-758b43fb5a53,INVOICE,Jena Jeans,2011-08-14 00:26:07
SC1,1bfc30a5-3214-4bb1-885c-7e86894228ec,INVOICE,Sharyn Laxton,2017-08-05 04:57:03
SC1,703c6447-439f-4264-9b63-85cf6a6ae1a6,INVOICE,Ceola Harry,2016-09-23 10:35:44
SC1,97083556-1f77-42f9-bdff-f383c0a5e1a2,INVOICE,BATCH_JOB,2019-01-23 10:46:25
SC1,6b6a1e22-9b37-405a-b77f-250354668b5e,INVOICE,Lavonna Haymon,2015-04-20 19:41:44
SC1,dfedfe2a-42f8-4c1b-9f29-eeddf833624a,INVOICE,Tasia Snelgrove,2010-12-12 04:06:30
SC1,8861a15c-6fb6-4c18-bb7e-66f9c62b471f,INVOICE,Marita Creagh,2013-08-19 04:03:54
SC1,fa338e59-e0e4-4a60-bbdf-caf63a7c53ef,INVOICE,Jena Jeans,2014-05-22 12:03:42
SC1,900039b4-22c3-4b84-96d6-695fe61b30d8,INVOICE,Lucina Boyers,2014-08-23 10:25:41
SC1,0a845550-7a00-4d55-aa52-10c5910efc12,INVOICE,Gloria Ashburn,2011-05-07 11:13:53
SC1,b97d68df-fa41-4819-ae14-984d5769ea28,INVOICE,Emilio Sones,2009-04-19 19:16:03
SC1,e4bb98ca-d2e7-4ed6-980a-f95aaa41be43,INVOICE,Lillian Wheaton,2013-11-05 20:01:00
SC1,d5007e30-d547-42c8-8611-5120fbb0343d,INVOICE,Bradford Amarante,2016-03-22 09:41:25
SC1,9950a62b-0774-4529-80d6-527e1bfc8642,INVOICE,Ceola Harry,2012-11-16 19:23:53
SC1,de8a8064-fada-4a2e-9f56-4d8d60f111ac,INVOICE,Rachel Onorato,2016-01-18 06:27:39
SC1,26763732-1371-48b8-b271-28fbcf6294e4,INVOICE,Alfonso Wernick,2009-07-24 21:46:49
SC1,20eb345c-c961-4a96-8269-582fa170c988,INVOICE,Karri Ptacek,2013-10-26 08:34:27
SC1,0b0cb3f8-f2a8-44b1-aadf-afd8a154f088,INVOICE,Leontine Sifford,2019-02-16 17:53:25
SC1,573d0d95-095d-4424-8558-f717422497e7,INVOICE,Yanira Gottfried,2015-09-16 22:32:49
SC1,662ce6d2-3142-4798-8aef-8f0285a5ce12,INVOICE,Cher Ehrmann,2012-07-25 20:44:33
SC1,b81a9533-af79-4009-b18e-e72e49277ebf,INVOICE,Ward Weckerly,2011-01-31 09:09:02
SC1,1f0d32da-3349-4de5-a1ac-6c4d9c1e0a42,INVOICE,Lavonna Haymon,2014-11-08 07:06:11
SC1,2cbd853c-7097-4e29-a092-26c0b3146cf6,INVOICE,Anna Hulings,2013-06-23 22:30:15
SC1,c0770c68-9134-4ceb-9fcc-c111ea839ca0,INVOICE,Ceola Harry,2017-01-05 13:25:47
SC1,fbd6ba54-1a2d-4b50-a754-9a6735c0397d,INVOICE,Lessie Scheck,2013-12-14 20:31:18
SC1,26cf7e9c-5744-45bb-8dd7-af98ed4f8b07,INVOICE,Rona Hennis,2019-09-22 14:49:17
SC1,d55972db-23e3-4dbf-bbb3-d604422f08a9,INVOICE,BATCH_JOB,2019-05-16 16:40:22
SC1,e4a56a0a-1bf2-40a6-b32e-c1f889206068,INVOICE,Lora Rieder,2010-07-27 01:18:02
SC1,a6f6abdb-9c55-48cd-a799-e84581cbb447,INVOICE,Summer Fusaro,2014-12-08 13:18:55
SC1,2a9f66c7-fdc9-4cdc-9c74-943122b19371,INVOICE,Jena Jeans,2015-01-21 18:14:30
SC1,b85095e4-2b6c-4bb9-90b9-2f9d1f4ca13e,INVOICE,Summer Fusaro,2018-10-04 02:15:50
SC1,ac04f3d5-ddaf-447a-91b3-4f816562651d,INVOICE,Marita Creagh,2014-05-18 08:58:26
SC1,976e59c7-7ad7-419c-a8d7-4e8636868fc8,INVOICE,Alejandro Atwood,2016-07-13 17:24:41
SC1,8ff63ed0-6c9c-4e1b-a78f-4b2a715f651f,INVOICE,Lawerence Pintor,2016-03-21 05:40:41
SC1,4823aa0e-a878-4b2c-820e-6281d23fe66f,INVOICE,Suellen Noecker,2016-05-12 12:22:41
SC1,beb05c78-02f5-49e6-9479-9ec3e6ac9085,INVOICE,Cher Ehrmann,2019-10-27 17:27:12
SC1,36f535d0-a4ee-4404-86ec-d67a1f129250,INVOICE,BATCH_JOB,2015-10-24 01:00:26
SC1,c64ff1aa-420f-46ba-8803-605268f2606a,INVOICE,Cher Ehrmann,2013-03-30 04:07:48
SC1,f5028305-f406-4b94-b07e-d8d46c480aa9,INVOICE,Gloria Ashburn,2011-04-20 04:16:42
SC1,f32f84af-5996-47f3-bb65-13e21c6773a7,INVOICE,Emilio Sones,2013-11-06 01:05:43
SC1,f32f84af-5996-47f3-bb65-13e21c6773a7,INVOICE,Karri Ptacek,2013-11-06 01:20:43
SC1,4022e97a-a309-45ec-9741-00cc5a5296f4,INVOICE,Arletta Landen,2009-10-20 12:54:07
SC1,4022e97a-a309-45ec-9741-00cc5a5296f4,INVOICE,Alvin Malin,2009-10-20 12:31:07
SC1,d93f3e08-d7d6-48f7-8921-6a67bc6bf4e9,INVOICE,Margene Hamil,2018-08-28 10:30:50
SC1,e6d93757-c9d6-406e-94f5-05014bfde888,INVOICE,Luisa Solar,2010-02-04 14:47:02
SC1,b3f8835e-b83b-4c85-b13a-2924904821cb,INVOICE,Irene Llanas,2009-10-19 12:43:51
SC1,4accfd4e-a8b9-44d8-a5ac-710e8251cace,INVOICE,Francina Bevington,2011-11-12 04:39:23
SC1,6067cf2d-4fcc-4768-b0b0-c5918fef064a,INVOICE,Alfonso Wernick,2015-09-09 05:05:54
SC1,ecac7d13-30a3-4a5b-85f4-e9785f65a02d,INVOICE,Irene Llanas,2016-04-14 06:03:07
SC1,c677fdcb-1395-4f42-bd9e-e261ed84ff00,INVOICE,Summer Fusaro,2018-09-21 04:01:56
SC1,9d9bf27b-2432-4ca1-9078-cfcd6c99933e,INVOICE,Lavonna Haymon,2017-08-17 11:11:42
SC1,d5a12fb8-72f4-4b72-b98d-1accef13e139,INVOICE,Tyree Decastro,2014-06-07 11:37:52
SC1,eae6b9a6-3a9e-4de6-88fa-668a0c2c6885,INVOICE,Lucina Boyers,2014-08-26 09:08:29
SC1,6b3a3fbc-bb1a-4f08-929f-62e477c6ef14,INVOICE,Dominica Kirkley,2010-05-03 08:46:34
SC1,6972dd23-96c8-45ea-84de-8c8bdfde63a6,INVOICE,Gloria Ashburn,2018-03-16 02:10:27
SC1,57ed7151-1dc3-4032-9d6a-408b8798404d,INVOICE,Suellen Noecker,2009-11-12 19:50:28
SC1,4e588ea0-78e2-4cc6-bc80-ad2d4e5d6c84,INVOICE,Rona Hennis,2018-12-19 22:11:01
SC1,bf83d143-5723-4c5f-b5e9-c878eb215014,INVOICE,Felice Cover,2015-02-04 21:45:36
SC1,f77137bd-fa45-45f8-aef3-79aba5a76fd5,INVOICE,Irene Llanas,2018-08-31 17:41:06
SC1,51930843-cc87-4e69-b3aa-2237c56315d8,INVOICE,Rona Hennis,2011-04-20 11:55:25
SC1,a8c91793-bc90-46b0-97fb-345f48290ca2,INVOICE,Jamie Mcclellan,2017-11-18 05:56:16
SC1,4cb566cc-c3e5-4da0-873d-6fd0c10bc4b3,INVOICE,Marcela Ye,2017-04-25 16:06:33
SC1,a2c0c360-0de7-4a2e-af79-06a6ab3745f6,INVOICE,Suellen Noecker,2018-11-14 11:14:10
SC1,ccb81bc1-9c43-4f74-b4c3-c42021abef85,INVOICE,Rona Hennis,2011-07-03 12:42:36
SC1,da73a6ea-40b8-4a05-815e-1ab6beba115b,INVOICE,Suellen Noecker,2012-08-20 14:49:17
SC1,a43f6248-090a-421d-bab9-e43b04da75de,INVOICE,Rona Hennis,2012-03-01 18:10:27
SC1,063ddb98-77eb-4733-8bdd-9de7c2da63aa,INVOICE,Alejandro Atwood,2014-01-09 00:27:55
SC1,3483ce0c-0afe-4687-90c6-5dace6e33ec4,INVOICE,Lang Winkler,2010-01-23 04:16:50
SC1,5feef6fe-eb0c-4c5d-b58c-bcc45e5b24c9,INVOICE,Dalila Proehl,2016-05-26 02:31:54
SC1,e11347bb-cecd-4f02-9e8d-40b84d5640af,INVOICE,Marcela Ye,2010-09-21 23:15:02
SC1,05be0d7c-f0fb-4e58-9bce-38b4bf28e960,INVOICE,Summer Fusaro,2010-12-04 04:21:17
SC1,1810cfef-9f52-4571-9aa7-70513baff5d5,INVOICE,Lora Rieder,2009-08-25 20:46:49
SC1,a44931db-526b-41a6-9fff-8df9765b07aa,INVOICE,BATCH_JOB,2011-04-13 06:58:14
SC1,edeb6f1c-784f-4429-9970-9bd08ae350de,INVOICE,Margene Hamil,2014-05-20 13:38:25
SC1,b092b0f7-d2c8-45fc-9226-46c641e7700a,INVOICE,Tasia Snelgrove,2016-08-27 13:48:43
SC1,153399ae-5306-4b0f-9897-aed5203a1098,INVOICE,Marcela Ye,2011-03-16 15:53:31
SC1,5ff4c42e-6897-4ea8-94b4-da9daf0914d8,INVOICE,Lessie Scheck,2017-09-19 22:54:01
SC1,124d4cfb-1546-4e85-9c2c-8f6c7097d9e8,INVOICE,Tyree Decastro,2014-04-30 02:48:04
SC1,0cbd0e10-92cd-4363-94e8-5438d2ad8214,INVOICE,Ward Weckerly,2009-06-15 08:46:24
SC1,5ca9f8cb-87f0-41b8-853e-e52324323950,INVOICE,Lucina Boyers,2011-06-18 00:01:01
SC1,c6c42c05-0011-457d-87d2-434eaf45804d,INVOICE,Ward Weckerly,2015-07-10 03:31:15
SC1,4ec89b34-9f24-4d5e-8301-4bbabc548fea,INVOICE,Emmie Schuldt,2019-07-14 14:47:29
SC1,5fc2bd98-e778-4a90-b70d-ed40743024c0,INVOICE,Summer Fusaro,2015-09-22 10:25:03
SC1,d237aa40-9704-4212-9064-3477197070b8,INVOICE,Arletta Landen,2016-03-14 00:52:03
SC1,09f82b0d-4360-4b6c-afc2-567d798cbde3,INVOICE,Lessie Scheck,2013-11-11 13:12:56
SC1,06a6ee74-077d-4457-8731-5484a2e12c7b,INVOICE,Cher Ehrmann,2012-04-05 13:01:47
SC1,c8a74c01-401a-4536-9c8a-703eec06ff2b,INVOICE,Margene Hamil,2018-11-09 23:32:37
SC1,eec57dd8-5aea-4cc3-b0a8-78284c2f0c3a,INVOICE,Lillian Wheaton,2015-04-16 06:35:32
SC1,8b458362-de63-447b-afb8-1daf840cdc8c,INVOICE,Luisa Solar,2016-03-28 01:48:28
SC1,2bbe8bbc-e564-4298-8f7a-0789f56c6a73,INVOICE,Rachel Onorato,2013-08-14 16:55:16
SC1,c5105cec-a097-49e4-a8d7-6dbae0e9e13a,INVOICE,Alvin Malin,2020-01-06 13:24:49
SC1,a1231db2-a818-4b5f-8859-7585536644ce,INVOICE,Jamie Mcclellan,2016-07-04 19:44:42
SC1,cf7bbe7d-bda0-4af3-95dd-44a3997ebceb,INVOICE,Dalila Proehl,2018-04-30 19:51:12
SC1,0364e35e-36a6-4385-ba04-b61fd0b0d666,INVOICE,Jena Jeans,2018-02-20 11:23:23
SC1,84f88f60-b724-45e9-a29a-fb1570add960,INVOICE,Cher Ehrmann,2010-09-18 20:45:11
SC1,717ea8d2-443f-4a75-b305-6659ea32ee7d,INVOICE,Gloria Ashburn,2010-07-07 20:18:01
SC1,2253d6f4-38d8-4dac-88a0-7bd767baaa36,INVOICE,Lang Winkler,2014-07-29 15:54:26
SC1,8226494d-d8cb-43ca-9eca-e0556efd566f,INVOICE,Sharyn Laxton,2014-01-07 04:34:40
SC1,5f1aaf4b-1970-42c8-a2b7-04623a5fc29d,INVOICE,Leontine Sifford,2018-12-23 14:25:03
SC1,9e811b89-ab72-41fc-b19a-09200cf82af0,INVOICE,Tyree Decastro,2015-07-26 18:08:20
SC1,6e23c25f-f02c-4e75-9da5-3cc3e38a7f89,INVOICE,Jena Jeans,2014-06-16 08:01:39
SC1,b822e165-f31f-4a5c-84ae-d9d9a3ef51d5,INVOICE,Emilio Sones,2011-12-18 09:39:14
SC1,ddece0b8-65d7-48dc-aff2-378ede163ac7,INVOICE,Karri Ptacek,2013-09-22 19:24:02
SC1,119a9edc-e3b0-4115-ac85-46e3fb324115,INVOICE,Bradford Amarante,2019-06-29 00:25:39
SC1,6da9de35-6960-4dab-b7b5-2c62e4b62cc8,INVOICE,Roy Ortego,2010-12-08 09:33:02
SC1,4af494b7-08e7-4984-a851-03ba0e2ac556,INVOICE,Gloria Ashburn,2011-11-03 05:34:08
SC1,a5ec0fa6-01bf-422b-a2b1-87292642179c,INVOICE,Lessie Scheck,2013-04-11 05:51:03
SC1,1d4476ff-890f-4d7a-bc6b-2b67e9194f93,INVOICE,Emilio Sones,2010-12-03 11:36:13
SC1,1e8506fc-6e11-4dd6-b23f-e7f9d03c6185,INVOICE,Alvin Malin,2011-05-14 12:32:45
SC1,ea5c1b76-38b6-4ad0-bf9b-a24b6999684a,INVOICE,Bradford Amarante,2019-11-13 13:48:30
SC1,955fa90e-7e2b-4dda-964d-a71cca7bedaf,INVOICE,Alvin Malin,2019-01-08 12:43:32
SC1,d3292ca2-27e3-487e-9cf5-f26a77180db7,INVOICE,Sharyn Laxton,2018-03-26 02:32:54
SC1,08744b4c-60d6-4758-b191-0199073002da,INVOICE,Lavonna Haymon,2014-08-01 19:22:10
SC1,2755e0ac-77bc-4730-aef8-ece3a03fcad9,INVOICE,Alfonso Wernick,2019-02-16 12:53:52
SC1,35ab1c81-8356-4192-9872-de1945f4ca44,INVOICE,Tasia Snelgrove,2017-02-04 23:59:32
SC1,bdab5530-c4da-43c0-80c8-aae3423409cb,INVOICE,Lawerence Pintor,2019-05-19 20:15:55
SC1,dd295d68-c276-4fed-8d0c-14c825287ef9,INVOICE,Lessie Scheck,2012-05-03 18:33:22
SC1,451a084e-ad0a-47e5-b0ee-84ac17feeb27,INVOICE,Lora Rieder,2011-04-01 03:01:12
SC1,52fc5530-d9a8-4f79-b8fb-f96bd99221c2,INVOICE,Ward Weckerly,2016-08-21 01:18:02
SC1,ad4597b9-390e-4261-80d5-6a5e09e81435,INVOICE,Luisa Solar,2019-09-19 23:26:38
SC1,7f0f8169-3083-49dd-8817-9e0e2094cb31,INVOICE,Summer Fusaro,2019-02-19 01:15:38
SC1,6d38bb69-719b-47f9-821a-7bceaf42db93,INVOICE,Rona Hennis,2019-09-24 04:41:56
SC1,dce102d3-8793-4c38-897e-239e0faeaa89,INVOICE,Sharyn Laxton,2016-10-06 20:41:15
SC1,379a1b39-b779-4700-a1ff-669b60a00fe6,INVOICE,Lora Rieder,2015-03-29 07:30:40
SC1,3254be73-5d60-4574-860c-cfa46ae1e79f,INVOICE,Yanira Gottfried,2016-01-25 09:45:00
SC1,3ebfff2a-6f8f-4d73-aeca-8e9fd6b4d091,INVOICE,Cher Ehrmann,2011-08-13 06:18:26
SC1,dff97c28-77c7-4183-8aac-90247e20318a,INVOICE,Melissia Kreidler,2014-12-12 22:01:04
SC1,8e0e2360-a29b-4a00-bdd1-07755b26068e,INVOICE,Summer Fusaro,2015-04-21 04:54:31
SC1,12f63ec2-e815-43ef-85e4-3a6a45bc5338,INVOICE,Yanira Gottfried,2015-02-04 09:20:05
SC1,309f87cf-725e-4a4a-b952-118b80cdb6c7,INVOICE,Toby Narvaez,2013-10-10 01:31:20
SC1,eb17a666-e2a3-4553-b6c1-2a34bf3d6eb2,INVOICE,Irene Llanas,2014-07-19 03:38:45
SC1,be31fd0b-d222-4ce2-b3f2-d0668cdc7f75,INVOICE,Cherryl Vandine,2009-09-02 20:50:48
SC1,a5456841-1e37-4a85-9fe8-03ad74761911,INVOICE,Lawerence Pintor,2018-11-02 08:36:03
SC1,b2347e2c-975a-463b-9b16-e9cef1db413a,INVOICE,Toby Narvaez,2015-09-12 10:26:10
SC1,c6e7a576-46a3-43b7-986c-2862437f085a,INVOICE,Lora Rieder,2013-06-30 06:02:14
SC1,9a2ff3e9-5c67-45d9-ab92-94aa3c90e900,INVOICE,Sharyn Laxton,2016-06-01 12:42:09
SC1,7a9a1d38-53e1-4e3c-b53b-ebec5d024e26,INVOICE,Leontine Sifford,2011-09-03 11:29:01
SC1,a1114a56-d747-45b8-a6b8-1bc7e559fadd,INVOICE,Cher Ehrmann,2019-08-10 22:58:15
SC1,ac09f8f7-864a-47d4-a905-de0aa1b447aa,INVOICE,Anna Hulings,2019-12-06 09:01:26
SC1,da5f2655-5565-43f1-9837-e09d797debfb,INVOICE,BATCH_JOB,2016-05-08 00:42:17
SC1,5b3c6728-c52f-4320-9cb3-f48e935aa6cb,INVOICE,Kenia Romine,2012-01-12 09:39:48
SC1,e7d39791-eb44-4dfd-aab7-44901b25add8,INVOICE,Lang Winkler,2013-07-01 03:12:52
SC1,8dda9661-bda9-46fa-b8ce-9a7f7051e646,INVOICE,Francina Bevington,2012-09-26 05:08:06
SC1,1d8380ba-57b2-4322-b075-67e9a1061462,INVOICE,Jamie Mcclellan,2011-01-02 12:23:01
SC1,636c9ea6-0f1d-45d3-8091-f1f3d6245fd9,INVOICE,Anna Hulings,2013-12-03 14:19:28
SC1,f184ac4d-4b88-4e70-90cc-ef4856b695c7,INVOICE,Margene Hamil,2013-08-04 05:29:31
SC1,acbc6fec-a65c-43f1-9b70-5d8aa722e361,INVOICE,Rona Hennis,2011-12-05 18:19:02
SC1,b4e78a18-3a73-4b38-b0f4-91b51b103181,INVOICE,Irene Llanas,2014-08-03 18:45:09
SC1,5186e5ce-bce1-4cd8-a901-4a09e8f31c28,INVOICE,Suellen Noecker,2012-01-18 03:55:42
SC1,4a33c8c0-3b6e-4450-80ae-e799afb83d73,INVOICE,Margene Hamil,2016-12-14 23:56:27
SC1,53c80cbc-fec9-4e82-9453-358648db2c1e,INVOICE,Bradford Amarante,2015-02-18 12:25:24
SC1,19cf6887-4f43-4dd7-9296-f7e178b1be69,INVOICE,Rachel Onorato,2017-08-30 03:04:08
SC1,7fdd0919-88ad-472e-8d56-17975d1448f2,INVOICE,Lavonna Haymon,2018-07-05 16:13:32
SC1,b864065b-56d3-44ca-a034-9135706f07b6,INVOICE,Luisa Solar,2018-07-12 21:41:10
SC1,03c59d07-86ee-4ddd-909b-ab1e4e93bfd2,INVOICE,BATCH_JOB,2011-09-25 12:43:50
SC1,cf95e49e-fc46-4d53-8d0a-158b658c5939,INVOICE,Arletta Landen,2013-07-16 23:03:26
SC1,e86053ea-2187-4c6e-896b-b126bc0170f8,INVOICE,Leontine Sifford,2012-07-19 11:43:34
SC1,a51930b1-b221-40ac-825c-7a86aa5b5508,INVOICE,Dalila Proehl,2014-10-07 08:13:37
SC1,98bfa2f1-4fb0-425b-ae03-183fdc177ad7,INVOICE,Gloria Ashburn,2010-10-01 17:54:53
SC1,e971ef99-bd6c-4a3d-a59c-7a70b50235db,INVOICE,Lillian Wheaton,2019-10-22 18:11:23
SC1,edeb7c45-adc5-4f21-bf38-aff5adcfe237,INVOICE,Arletta Landen,2012-08-02 04:46:04
SC1,3d410948-9d78-494c-85fe-9cdf1a1ef81b,INVOICE,Cher Ehrmann,2010-10-15 06:44:51
SC1,d3b79469-da86-43cf-9409-f19099e28774,INVOICE,Felice Cover,2014-08-29 20:35:00
SC1,040d90f5-d2c5-4b31-8687-69b673c48f00,INVOICE,Melissia Kreidler,2019-12-10 16:31:47
SC1,0949c923-8dbf-4abc-9b71-8f86f4c18902,INVOICE,Emmie Schuldt,2013-09-21 23:39:30
SC1,e4e8162c-8601-417d-b2ee-d9b6ec8eeea5,INVOICE,Jena Jeans,2010-08-30 19:54:47
SC1,f185bdbd-8f82-4689-811a-9f49615dfe3a,INVOICE,Bradford Amarante,2011-09-03 03:20:04
SC1,b0c10b15-ac1d-4082-aa13-16a51a4de689,INVOICE,Roy Ortego,2013-02-01 17:28:33
SC1,8b0290bf-80bd-4102-b2c3-5b1738c61bab,INVOICE,Arletta Landen,2019-06-10 19:30:51
SC1,6fabeefe-5f9d-4de1-8bf0-349dbf9ec528,INVOICE,Lang Winkler,2016-12-17 07:52:17
SC1,6fabeefe-5f9d-4de1-8bf0-349dbf9ec528,INVOICE,BATCH_JOB,2016-12-17 07:51:17
SC1,e55bba39-62a2-4052-bfdc-b9a544f9ad84,INVOICE,Leontine Sifford,2016-10-27 11:26:10
SC1,f66f294f-cefd-4ee2-bb58-d83568bf1fb0,INVOICE,Dalila Proehl,2015-03-30 14:37:46
SC1,bb1b2e0b-ae43-4a95-8fcf-0695e7844c05,INVOICE,Tyree Decastro,2018-05-13 13:07:48
SC1,58387555-fafa-43de-a906-1683ff1092c0,INVOICE,Ward Weckerly,2013-12-10 05:49:48
SC1,1b5a1e5d-025a-4f7f-bb6c-b046fda99461,INVOICE,Kenia Romine,2019-12-14 23:32:58
SC1,58827dfb-6ef9-4796-82de-41f2c81728f6,INVOICE,Lawerence Pintor,2016-02-23 06:45:05
SC1,71541bbd-c100-49e3-afad-c0a7f5f97cd3,INVOICE,Marita Creagh,2013-02-21 14:21:01
SC1,7799a175-4969-447f-a621-642b21ccea48,INVOICE,Lora Rieder,2009-05-14 10:54:28
SC1,1001affe-b083-40d1-841e-cd769f2f8825,INVOICE,Jamie Mcclellan,2015-10-13 16:03:23
SC1,d34d564c-9cf7-4d97-8061-2f52681e5f8f,INVOICE,Ceola Harry,2019-07-03 11:01:23
SC1,36f414d3-c5b9-4218-bbb7-cb7155b56794,INVOICE,Felice Cover,2015-06-23 08:34:05
SC1,af6a0896-0862-4d0e-9b10-b9afb9799eff,INVOICE,Orville Sheilds,2017-09-13 01:21:19
SC1,d2cc99b0-374a-4e9e-ad07-aa559fb49fdc,INVOICE,Cher Ehrmann,2019-02-05 00:31:55
SC1,d2cc99b0-374a-4e9e-ad07-aa559fb49fdc,INVOICE,Marita Creagh,2019-02-05 00:13:55
SC1,9d4db97f-9704-46a4-8267-c57c130590cd,INVOICE,Lessie Scheck,2018-03-09 13:05:05
SC1,30bca68a-0a20-4ff4-b640-ca89f2311f74,INVOICE,Alejandro Atwood,2019-07-26 17:36:23
SC1,c3a0efef-bd10-4520-858a-77c1e5bc621f,INVOICE,Tasia Snelgrove,2013-05-07 02:12:17
SC1,878ca69d-72ac-4b10-8c59-da6c0f376be0,INVOICE,Lavonna Haymon,2019-01-11 00:28:50
SC1,6d8d0e77-9e8b-4592-a928-c61bb1656c1a,INVOICE,Kristen Eckhoff,2016-07-20 01:10:11
SC1,ef65f727-8934-4f33-9f44-a79e4382a035,INVOICE,Lora Rieder,2019-05-17 23:17:26
SC1,4434c25c-58c3-4008-82d2-751876468df6,INVOICE,Yanira Gottfried,2016-12-22 03:13:57
SC1,e2bd0a5e-c0e4-41df-bdea-4fb19606fe0b,INVOICE,Kenia Romine,2019-03-07 17:45:43
SC1,61910960-acf1-4c62-bdeb-edf2c7b27fc5,INVOICE,Melissia Kreidler,2017-12-13 07:06:16
SC1,82c31d60-56c6-452d-94f9-83b0fd385b03,INVOICE,Jamie Mcclellan,2010-07-28 22:11:52
SC1,d4913d0b-260c-4f26-bcee-ee483d42a883,INVOICE,Karri Ptacek,2010-09-11 02:28:14
SC1,10aa5c18-65e2-44a9-be35-0df733ad79f9,INVOICE,Jamie Mcclellan,2014-07-18 02:44:09
SC1,1747b62f-4797-45ae-a9f3-2070bc92cb26,INVOICE,Kenia Romine,2014-05-30 00:45:36
SC1,ab0124ca-7389-492e-ade0-5313b5ab3eba,INVOICE,Dalila Proehl,2010-10-20 07:03:44
SC1,8a6342c8-77b4-4585-bfe1-a2b72b6c83a6,INVOICE,Dominica Kirkley,2015-10-31 02:21:42
SC1,139fb2ee-d6da-4861-8291-6453b36f8c87,INVOICE,Luisa Solar,2016-01-10 03:41:49
SC1,669912b0-65ef-46ee-9729-9eb5ac5f0884,INVOICE,Kenia Romine,2013-05-26 22:36:39
SC1,bd3db767-3103-440b-8f36-d5d8774699f1,INVOICE,Tasia Snelgrove,2011-01-18 21:56:27
SC1,aa06f3e0-6cfa-4331-ad26-48269d35d691,INVOICE,Lawerence Pintor,2011-12-22 06:38:21
SC1,6e84991b-3b36-4854-96cb-39f6fbaafb50,INVOICE,Alvin Malin,2015-11-06 05:38:24
SC1,e565d601-ea46-4ebe-a901-a37e278501e1,INVOICE,Karri Ptacek,2009-09-28 19:06:08
SC1,e2e80dca-411b-4d9e-83e2-d603a541c044,INVOICE,Dominica Kirkley,2019-12-19 23:32:16
SC1,0d49909e-95af-407a-af80-8a2669660fd7,INVOICE,Lora Rieder,2011-06-07 15:41:30
SC1,0f6bb0e1-f1ee-4279-a095-37ec1bf2ea32,INVOICE,Tasia Snelgrove,2020-01-25 16:58:15
SC1,a1aedb34-4726-44d3-864c-9caed49a4dcf,INVOICE,Alejandro Atwood,2015-02-15 13:48:10
SC1,89a2b000-605a-4ee9-a247-4ce8e31b046c,INVOICE,Tasia Snelgrove,2015-08-18 08:07:07
SC1,08a7a61b-3b74-4d80-b4c6-26fa194d0337,INVOICE,Felice Cover,2015-08-27 11:33:59
SC1,08a7a61b-3b74-4d80-b4c6-26fa194d0337,INVOICE,Karri Ptacek,2015-08-27 11:51:59
SC1,a8c6946e-e339-4fe1-8daf-7ea5b4c703ea,INVOICE,Lessie Scheck,2013-09-26 05:09:38
SC1,98fe3a5d-f155-4dd0-b4aa-bef0f8c5fb01,INVOICE,Margene Hamil,2016-07-15 12:33:46
SC1,96472be8-5048-42a2-81ea-699d053beded,INVOICE,Marcela Ye,2012-03-24 20:44:39
SC1,567003dc-1e3a-47ce-8ace-ed98aa432ccd,INVOICE,Gloria Ashburn,2018-07-22 03:31:32
SC1,bf8b3494-e546-4078-8b7f-f7acf20651ac,INVOICE,Francina Bevington,2016-12-19 07:52:04
SC1,dc380f71-77d8-4fb0-8bfd-4e41fb738ceb,INVOICE,Orville Sheilds,2010-07-08 00:32:50
SC1,b07bd37b-50ad-460c-81d7-e3bc6d9c05ee,INVOICE,Tyree Decastro,2015-02-09 23:44:00
SC1,9f473a61-e6ef-4221-851b-d59fa3e32685,INVOICE,Lavonna Haymon,2017-10-03 03:12:10
SC1,01dbcbb5-39ac-4b4e-8ff3-02ab8669ee12,INVOICE,Bradford Amarante,2010-12-31 02:29:50
SC1,01dbcbb5-39ac-4b4e-8ff3-02ab8669ee12,INVOICE,Roy Ortego,2010-12-31 02:24:50
SC1,791714af-d004-416a-abed-1a4567dfefc6,INVOICE,Kristen Eckhoff,2009-12-20 10:49:08
SC1,798bc2f1-ead4-47b8-aebc-2360223d6655,INVOICE,Lucina Boyers,2011-12-24 16:24:02
SC1,1f010b46-88a5-4b0f-94c0-87e634bfc0ce,INVOICE,Felice Cover,2015-07-29 01:03:55
SC1,92181677-a038-41ba-8ce1-c92e8cf09457,INVOICE,Alfonso Wernick,2015-10-11 21:06:38
SC1,560bdf65-deb2-4680-9a7a-872699bbec5d,INVOICE,Sharyn Laxton,2014-10-06 16:04:17
SC1,78c9a3ee-79f6-4f48-af1f-e9650c7d6717,INVOICE,Karri Ptacek,2012-11-18 16:05:01
SC1,b0fcb01a-ac51-4dda-87b6-66526df1ea25,INVOICE,Margene Hamil,2017-11-15 19:16:07
SC1,2f0df793-ec9b-434c-9e83-2b3c8cf21857,INVOICE,Lavonna Haymon,2012-04-19 00:08:24
SC1,8bdb267a-caa2-4aed-b337-241ae4271ccb,INVOICE,Marita Creagh,2018-06-22 01:32:42
SC1,9d67ef7a-e1a6-4522-81ce-6956653981f0,INVOICE,Irene Llanas,2012-09-06 08:38:26
SC1,27b0776b-ea6b-4eb2-9194-688389a50ace,INVOICE,Alejandro Atwood,2016-01-16 00:17:55
SC1,27b0776b-ea6b-4eb2-9194-688389a50ace,INVOICE,BATCH_JOB,2016-01-15 23:56:55
SC1,e7f80358-d3f0-4297-ae77-60446a6e9db9,INVOICE,Rachel Onorato,2013-07-07 14:27:31
SC1,e5fa3507-6844-45c7-abf8-9e74eb7d1a0f,INVOICE,Tyree Decastro,2018-10-18 20:30:56
SC1,7793457a-7667-4931-9a74-cef4fc749064,INVOICE,Emilio Sones,2016-12-22 18:58:43
SC1,73b60fbb-41ea-466e-bd94-f0cee6dda939,INVOICE,Yanira Gottfried,2016-01-30 14:56:53
SC1,2db32761-b216-4d8c-8e0f-dc50a6b00ebd,INVOICE,Rachel Onorato,2014-08-25 11:39:37
SC1,08107c3e-2ec1-428e-b591-d144d70e52c5,INVOICE,Sharyn Laxton,2018-09-27 04:37:43
SC1,3f492e48-5213-48a0-8c13-dcb24dec0f4b,INVOICE,Alejandro Atwood,2017-11-05 22:21:17
SC1,8086e21d-02e3-4503-b6aa-0d228963e85c,INVOICE,Cherryl Vandine,2010-09-12 08:14:52
SC1,60661d49-e25c-4b36-802f-a841f91580a6,INVOICE,Lang Winkler,2010-05-12 09:46:50
SC1,d4fd4518-1a96-4a9e-8281-fa3e14fdc8ac,INVOICE,Lavonna Haymon,2019-07-21 17:31:41
SC1,125f4dba-86af-426b-8c89-6f09c1543f15,INVOICE,Ceola Harry,2015-10-17 12:24:26
SC1,125f4dba-86af-426b-8c89-6f09c1543f15,INVOICE,Alvin Malin,2015-10-17 12:34:26
SC1,525c437f-1817-4b6e-a778-18893debf8cd,INVOICE,Kenia Romine,2015-11-24 00:18:27
SC1,db00bf1a-b1fe-498d-81bd-f328a88bd4e5,INVOICE,Cher Ehrmann,2016-03-25 21:43:33
SC1,47fb9610-746f-4474-8577-05f45a38bfcf,INVOICE,Dalila Proehl,2016-11-17 01:28:27
SC1,f45dcddf-8f40-4164-89ad-b169983cdcd9,INVOICE,Melissia Kreidler,2019-02-26 17:45:46
SC1,fb25b93d-5488-41da-9d65-b5a413af456c,INVOICE,Summer Fusaro,2014-02-08 18:35:24
SC1,9643fbfe-b03e-49f5-9377-9e12f450b721,INVOICE,Roy Ortego,2014-09-25 11:17:37
SC1,9427f850-2fe8-4af0-b8c4-aa5048d54a55,INVOICE,Lucina Boyers,2010-03-18 01:31:06
SC1,d6573a9e-7b84-4507-af6c-4a1590b49a8b,INVOICE,Francina Bevington,2018-08-16 11:33:58
SC1,a2bc5803-e2bb-4759-a4bc-062bd96f8c20,INVOICE,Kristen Eckhoff,2018-12-16 00:25:54
SC1,1c872901-b26f-4d29-9a01-713481ccdeec,INVOICE,Lillian Wheaton,2012-09-30 23:44:37
SC1,ca84fc6e-4c77-4e0e-86bc-a8ec90a027b9,INVOICE,Bradford Amarante,2018-02-13 05:40:07
SC1,bb724947-c7f3-49ba-b329-e0035916be70,INVOICE,Tasia Snelgrove,2018-04-22 11:11:02
SC1,bb724947-c7f3-49ba-b329-e0035916be70,INVOICE,Melissia Kreidler,2018-04-22 10:53:02
SC1,4cdccbd8-05cd-4eae-865e-183d9a693040,INVOICE,Anna Hulings,2015-01-22 18:52:04
SC1,f8fcee31-4798-4af4-bb26-6a850a8074a5,INVOICE,Rona Hennis,2013-04-21 21:35:29
SC1,9714dcf8-c119-46de-9cf5-0c05261a878f,INVOICE,Yanira Gottfried,2010-07-05 18:50:06
SC1,8aa8cedd-4d06-4e29-b639-b033369f1509,INVOICE,Cher Ehrmann,2015-11-21 14:48:32
SC1,0cc4c3f8-e4af-4448-b835-07892ff87645,INVOICE,Luisa Solar,2017-01-30 15:19:20
SC1,47b33834-d5ab-4223-b913-43390493947f,INVOICE,Melissia Kreidler,2013-05-16 11:38:40
SC1,40434314-5f4d-44e3-88d9-9729e67d836d,INVOICE,Rachel Onorato,2018-03-17 18:36:38
SC1,40434314-5f4d-44e3-88d9-9729e67d836d,INVOICE,Bradford Amarante,2018-03-17 19:03:38
SC1,8a899082-828d-4126-a329-29f6c2026ee7,INVOICE,Karri Ptacek,2013-11-02 06:59:28
SC1,53f7da97-ae65-40b3-b7bc-8a8381e02a97,INVOICE,Arletta Landen,2017-08-30 06:49:08
SC1,9dd7d5ca-5231-43a5-8c1e-84f0077c11a6,INVOICE,Dominica Kirkley,2011-03-02 13:44:56
SC1,5e74b14c-49b9-4088-b713-127539a32ae1,INVOICE,Suellen Noecker,2017-06-19 05:53:19
SC1,c44eb9db-8d03-47f8-a981-e9aa481eacd1,INVOICE,Lucina Boyers,2012-06-27 05:55:42
SC1,cd1fb545-635f-4bbf-97b1-621d70e56699,INVOICE,Lavonna Haymon,2010-02-03 10:02:33
SC1,65f61a9d-45fa-4c26-a8f6-e73f60928c6b,INVOICE,Marcela Ye,2013-05-20 18:54:52
SC1,e61a616e-99db-4c42-ad3d-2a570b6d615b,INVOICE,Luisa Solar,2010-08-01 18:41:18
SC1,d430e3f6-399f-4ea2-86a8-b34f731c00ad,INVOICE,Yanira Gottfried,2018-06-12 01:07:41
SC1,8a40b0b8-cc29-4ead-8c3f-741cf1b4cbfa,INVOICE,Roy Ortego,2016-12-21 19:07:51
SC1,b00d0c9c-f3c0-464a-b625-0f76fb09bd36,INVOICE,Melissia Kreidler,2019-06-07 23:27:03
SC1,8ed3cf59-db32-413f-964d-11f8c360849a,INVOICE,BATCH_JOB,2014-04-18 13:47:33
SC1,76f81c5f-9fd3-4ab5-bef1-45b7657e1c9a,INVOICE,Cherryl Vandine,2019-06-04 03:05:31
SC1,76f81c5f-9fd3-4ab5-bef1-45b7657e1c9a,INVOICE,Lavonna Haymon,2019-06-04 03:28:31
SC1,7fda6eab-199c-4856-8b74-88c7b738a002,INVOICE,Bradford Amarante,2014-11-05 22:15:04
SC1,3e94500b-ea10-4ab8-bb4f-581a43631fa2,INVOICE,Irene Llanas,2014-04-04 16:54:58
SC1,3e94500b-ea10-4ab8-bb4f-581a43631fa2,INVOICE,Yanira Gottfried,2014-04-04 17:28:58
SC1,eff75690-4115-496a-9896-b1b8bccefb24,INVOICE,Karri Ptacek,2013-06-10 15:12:37
SC1,0b422a11-777c-46a3-9048-b4012a795bae,INVOICE,Ward Weckerly,2011-08-18 22:01:03
SC1,0aaaba01-a5aa-4590-9a40-e2a7c653e54e,INVOICE,Leontine Sifford,2011-09-29 22:44:31
SC1,0701359b-45c5-4b4d-8077-68c0f379564a,INVOICE,BATCH_JOB,2018-01-15 08:52:51
SC1,ee7d1715-1119-4831-a807-49654100490b,INVOICE,Tyree Decastro,2010-07-31 11:12:13
SC1,557c8e23-f1c4-44ee-94d6-3a878c9cb221,INVOICE,Lavonna Haymon,2013-02-26 07:32:53
SC1,557c8e23-f1c4-44ee-94d6-3a878c9cb221,INVOICE,Jena Jeans,2013-02-26 07:17:53
SC1,6df203d4-2c8c-4547-9664-79242b4c58ea,INVOICE,Alvin Malin,2019-09-18 04:04:43
SC1,cb38753a-d484-4c5c-8c9f-2e9470c36cf1,INVOICE,Lawerence Pintor,2014-01-18 10:12:11
SC1,a31c3db2-e078-4192-8194-476092461e5b,INVOICE,Toby Narvaez,2011-03-31 21:54:27
SC1,78056e79-d58f-4ea4-9f4f-d2e6492532ef,INVOICE,Summer Fusaro,2016-12-06 13:06:04
SC1,459be2b1-1a0c-43af-9374-cc43cbbf1623,INVOICE,Lang Winkler,2014-10-20 13:53:05
SC1,459be2b1-1a0c-43af-9374-cc43cbbf1623,INVOICE,Bradford Amarante,2014-10-20 14:01:05
SC1,4ab176ee-6338-4441-a484-9e44b03c8850,INVOICE,Lang Winkler,2019-06-02 01:19:00
SC1,fa52c3a6-c585-4f9a-b479-a8bd59804274,INVOICE,Lillian Wheaton,2015-11-13 08:53:03
SC1,a6f661f4-529f-4f79-bd9a-b2f1a5e4ad7c,INVOICE,Alejandro Atwood,2014-07-27 22:26:05
SC1,5ab2e3ee-eaca-40da-8651-0fefe72b62e7,INVOICE,Kristen Eckhoff,2010-01-23 23:17:17
SC1,ffd361d8-c984-4644-b46e-af1cb79a05b6,INVOICE,Ward Weckerly,2013-06-12 01:54:05
SC1,649eecf2-ca77-4916-8d3c-cf05b5ce9104,INVOICE,Emmie Schuldt,2011-03-07 17:13:52
SC1,a60c7e39-61ac-43c0-9c5b-51937c63ae4f,INVOICE,Lang Winkler,2013-07-16 11:16:32
SC1,d8f04d1f-7c00-4960-b8c4-32363683dbde,INVOICE,Suellen Noecker,2019-06-27 01:16:40
SC1,9d742fb7-50b0-4af8-9b4d-1ee477c72005,INVOICE,Ceola Harry,2015-02-15 01:45:37
SC1,f538f84e-13f0-4255-ae05-ce507c5ce407,INVOICE,Dalila Proehl,2016-12-08 00:54:12
SC1,fa1e64a3-2fd1-417e-b615-21e22ff76cb3,INVOICE,Dalila Proehl,2011-05-18 19:21:01
SC1,017169e0-7490-4e22-96d6-dca4b1d2b2f0,INVOICE,Toby Narvaez,2018-06-03 02:59:10
SC1,be8dbe01-c9e8-42d5-b7e0-28a96b4754b7,INVOICE,Tasia Snelgrove,2014-08-01 01:14:38
SC1,006c22a6-dff3-499c-8e81-ed97740e9559,INVOICE,Dominica Kirkley,2009-11-19 12:21:13
SC1,49a86b94-e6f6-48db-9e6e-7b64fefc4132,INVOICE,Alejandro Atwood,2010-11-17 12:12:37
SC1,efde3f32-38e3-4e61-b0e8-c5a99e8e7d4c,INVOICE,Dominica Kirkley,2011-05-14 02:55:08
SC1,0541810e-ce46-44e6-986b-fb081a3c6c38,INVOICE,Alfonso Wernick,2010-04-07 00:16:44
SC1,15efd46e-da2d-4f62-b2fd-0df0df10861e,INVOICE,Emilio Sones,2015-03-11 06:37:58
SC1,dbd2ec99-abc6-4ceb-81dd-c33a86eae684,INVOICE,Lang Winkler,2012-08-08 09:02:26
SC1,a51df762-93cc-4919-a88a-65f6dad83aa5,INVOICE,Bradford Amarante,2017-09-25 13:26:04
SC1,7d5026f9-9290-48e1-9015-b7a244366ec5,INVOICE,Marita Creagh,2014-05-30 02:11:28
SC1,47331a3d-8969-4098-a285-619cd5a5caeb,INVOICE,Luisa Solar,2014-05-14 13:14:21
SC1,3a24f5e9-9ac9-454b-9c54-fae931b487e4,INVOICE,Ward Weckerly,2012-05-09 00:13:55
SC1,9675d3d7-fffa-4246-8484-d39fda3ebbf1,INVOICE,Ceola Harry,2011-05-22 18:57:11
SC1,400d3d39-eadd-4094-a972-5bda7f1b5981,INVOICE,Cher Ehrmann,2011-06-21 18:04:33
SC1,7cef277d-9f1b-4605-9083-0f50ac921e14,INVOICE,Lillian Wheaton,2014-12-25 05:18:01
SC1,7cef277d-9f1b-4605-9083-0f50ac921e14,INVOICE,Rona Hennis,2014-12-25 05:17:01
SC1,fc0a1f6c-2a67-40d5-8311-a540e332e5e7,INVOICE,Ward Weckerly,2018-05-01 07:36:05
SC1,86bec004-0494-4bed-9dc1-069eb77fce4c,INVOICE,Lavonna Haymon,2012-09-07 07:56:05
SC1,9ca33006-0b4c-42c9-bd63-c63f22e0f77f,INVOICE,Lillian Wheaton,2013-10-03 05:54:54
SC1,e134789d-b503-470f-82a9-db822e1a00c8,INVOICE,Sharyn Laxton,2012-08-04 09:43:29
SC1,6a0b187e-531f-4e3a-8bd7-d6d624ac51f9,INVOICE,Felice Cover,2019-05-12 04:17:54
SC1,e55f17c6-2a0c-455c-a46e-f9cb332d4eec,INVOICE,Suellen Noecker,2019-07-23 21:51:05
SC1,cc5390c3-b390-4eed-930d-5d7459dcb83a,INVOICE,Cher Ehrmann,2013-03-27 14:36:04
SC1,11cae23d-b3f8-4487-8b3e-c8be2a449105,INVOICE,Luisa Solar,2013-08-28 16:19:25
SC1,a54f6e4d-20da-479c-af9a-76d3793d038d,INVOICE,Tyree Decastro,2014-10-02 03:33:59
SC1,5fac1a94-0356-4f5e-b4be-8dfc9ccced99,INVOICE,Dominica Kirkley,2012-10-01 08:07:43
SC1,20d6e9a6-717f-4a18-a7e1-2fefc9446738,INVOICE,Felice Cover,2012-04-05 23:44:30
SC1,fea5b19c-dbf5-4bd0-912f-f6c37fede57d,INVOICE,Marita Creagh,2019-08-24 12:55:13
SC1,e9989b11-8638-4d43-9f35-4bb5e2f4ce14,INVOICE,Dominica Kirkley,2019-11-13 10:33:44
SC1,e6e9b85c-e94d-42f6-aeb7-59357fc8c477,INVOICE,Tyree Decastro,2015-12-11 06:21:03
SC1,2bf09f19-bfb1-4e3b-b185-37afdff1b2ed,INVOICE,Ward Weckerly,2010-02-25 09:09:31
SC1,ac11c8bb-048d-411d-bcb2-0bcc6bd31b19,INVOICE,Felice Cover,2011-06-11 14:24:11
SC1,9250371c-fd9e-440a-8c4a-c48f078195d4,INVOICE,Yanira Gottfried,2014-10-06 22:32:09
SC1,f713330f-7f81-4d95-9a9f-bae2d7224ccd,INVOICE,BATCH_JOB,2010-12-09 14:37:54
SC1,d52f1c3b-2e81-4b59-b6d3-fbaa8ce9fb5e,INVOICE,Lawerence Pintor,2017-04-28 20:25:12
SC1,6585a36f-524f-4468-9ebd-9bdd190837a1,INVOICE,Dominica Kirkley,2018-05-04 07:49:27
SC1,1c9f8e41-fd2e-4bfe-85d5-c53a509851e2,INVOICE,Tasia Snelgrove,2011-09-13 12:24:41
SC1,f4ef4914-c0ef-42cc-af63-714749a4f901,INVOICE,Cher Ehrmann,2010-07-27 11:51:19
SC1,8b1646e8-a719-4d8d-b8a6-ffa571f6adf4,INVOICE,Cherryl Vandine,2013-08-01 07:39:49
SC1,09998658-9b26-433e-9b73-888f824fb0ee,INVOICE,Summer Fusaro,2012-06-13 09:58:49
SC1,540ae290-da9d-42f7-963c-2c6b13a58b95,INVOICE,Ward Weckerly,2014-10-23 18:35:28
SC1,42e3427f-0f38-4fa9-aaa0-447e1cbc7d34,INVOICE,Marita Creagh,2018-09-17 20:06:42
SC1,288c0ad3-7190-4074-9740-9b7dfa6ab659,INVOICE,Arletta Landen,2015-06-05 21:15:40
SC1,c721d9c1-f339-456e-89dd-c6ba462cba3f,INVOICE,Dominica Kirkley,2010-10-01 04:02:19
SC1,e93a2439-58b1-4137-bb3e-4c07d0f52664,INVOICE,Lavonna Haymon,2013-09-22 05:21:08
SC1,74ade496-fd1e-4719-bb21-dd5309521138,INVOICE,Orville Sheilds,2015-09-24 09:12:53
SC1,f3c249f7-e666-41bd-bd92-25b9a5a6e2c5,INVOICE,Dominica Kirkley,2016-02-11 15:49:58
SC1,29abf6f9-7e06-4897-a61d-95a9f206b306,INVOICE,Lucina Boyers,2013-08-13 04:28:22
SC1,b175d060-5ad8-4de2-a21f-5759c8440f7e,INVOICE,Lavonna Haymon,2011-01-18 11:11:20
SC1,edffd162-ad4b-4fde-b925-b541bad3e121,INVOICE,Irene Llanas,2010-03-29 16:41:13
SC1,97c8f008-089f-478c-9027-ab84488afce3,INVOICE,Cherryl Vandine,2010-10-19 17:10:12
SC1,b8db82b5-f95f-4aba-85d7-f89d06a8228c,INVOICE,Tyree Decastro,2013-12-09 16:58:40
SC1,a904205c-0d85-4b88-b91d-d39b84424596,INVOICE,Emmie Schuldt,2019-03-29 23:01:52
SC1,fc79064f-03f3-4b03-adce-a0cd0e76afa8,INVOICE,Emmie Schuldt,2010-08-16 01:25:45
SC1,a504ba55-8656-4b49-9158-c0899576c47b,INVOICE,Summer Fusaro,2011-03-01 06:52:21
SC1,85782147-a477-4559-a4e1-a004e0594d54,INVOICE,Sharyn Laxton,2010-06-29 16:31:48
SC1,bc2bcb70-8f31-4556-9838-c067417b106c,INVOICE,Ceola Harry,2014-07-02 17:40:50
SC1,68a6a96e-df21-491d-afc9-3273ac6f715b,INVOICE,Lessie Scheck,2019-04-16 04:53:19
SC1,69fb17fe-3bab-4460-b935-d1cbd8b80524,INVOICE,Toby Narvaez,2015-11-10 23:29:17
SC1,73d23300-ada3-4a97-aac9-51ce4ae680f5,INVOICE,Gloria Ashburn,2012-06-13 01:41:44
SC1,73dad40c-b6aa-4158-89e4-b5a7b4e75f9d,INVOICE,Gloria Ashburn,2009-12-19 11:47:37
SC1,d5d77260-7394-4caa-9081-5348e1a58715,INVOICE,Kenia Romine,2019-06-03 13:58:34
SC1,5e0d7d99-f6e8-4d8b-9711-68498d27a395,INVOICE,Lessie Scheck,2013-09-21 13:05:12
SC1,3d7f4cae-b3bf-473f-bff6-a90b6fc98529,INVOICE,Lillian Wheaton,2009-04-28 21:25:37
SC1,7a7a7e2a-65e9-472d-bc8c-55736ae6790b,INVOICE,Leontine Sifford,2012-12-15 08:19:44
SC1,4b8041ab-5a11-4498-885c-c57e3f1d54c5,INVOICE,Lillian Wheaton,2018-10-10 12:53:04
SC1,2dbeae30-bb20-4da2-ba8a-4a41052d08f3,INVOICE,Alvin Malin,2013-04-14 19:48:33
SC1,e229992f-4b65-40c6-b1af-528648994a18,INVOICE,Rona Hennis,2010-03-20 04:22:07
SC1,15e99363-1375-43af-9ea3-e13d4d328e81,INVOICE,Orville Sheilds,2013-03-21 15:40:11
SC1,15e99363-1375-43af-9ea3-e13d4d328e81,INVOICE,Lawerence Pintor,2013-03-21 16:12:11
SC1,e136fcec-b84f-4c11-81e7-d1c1f7a13bf8,INVOICE,Jamie Mcclellan,2011-02-20 23:04:58
SC1,f53deaac-aa57-43f9-a35c-58577100aa18,INVOICE,Jena Jeans,2019-06-29 17:54:39
SC1,d70bbf29-703e-4b7b-afa1-01f9a8168f0a,INVOICE,Arletta Landen,2014-03-14 11:47:45
SC1,9fd1c3f1-93fb-4323-b27e-2e0c00b39f2e,INVOICE,Alejandro Atwood,2017-02-24 21:35:35
SC1,1f05fdd3-1100-444b-b3c4-df00cbea5351,INVOICE,Summer Fusaro,2013-10-23 13:41:22
SC1,478d7f5b-9a54-4348-a506-20c1f1ba1639,INVOICE,Luisa Solar,2019-02-11 04:12:04
SC1,b3818550-8522-42cc-ba6c-2285352b47e9,INVOICE,Gloria Ashburn,2019-04-15 23:46:14
SC1,39fa84ca-dfba-4923-b422-aa68b05be2be,INVOICE,Rona Hennis,2019-10-07 12:25:15
SC1,fb8c4d64-40cb-4ae7-941b-9bb40fb2c989,INVOICE,Melissia Kreidler,2012-03-03 00:08:41
SC1,16db8e68-ff9f-41c0-8bb8-bf169b2022bb,INVOICE,Margene Hamil,2018-10-05 09:10:05
SC1,16db8e68-ff9f-41c0-8bb8-bf169b2022bb,INVOICE,Orville Sheilds,2018-11-04 09:10:05
SC1,d1d463f9-99e9-4e5b-9643-5ac5f3b145d6,INVOICE,Lawerence Pintor,2018-02-28 20:39:10
SC1,eae48116-7a0a-49b7-ada0-f68831ff5694,INVOICE,Lora Rieder,2017-05-06 07:24:40
SC1,d10b5f6b-9687-456a-a59e-1a92e4693791,INVOICE,Luisa Solar,2012-01-06 13:27:39
SC1,179028d6-8ac6-486e-a03e-5e4a169764df,INVOICE,Margene Hamil,2019-09-29 16:09:14
SC1,9c1aa096-2567-4b87-99f5-1200fb210ead,INVOICE,Suellen Noecker,2019-05-08 17:31:01
SC1,04b47f2b-b764-45f6-bb7f-53ffe51e550d,INVOICE,Lang Winkler,2019-02-21 20:52:46
SC1,a2dbcc88-9ba1-4324-b97b-fba71d45919c,INVOICE,Emmie Schuldt,2016-06-25 13:27:45
SC1,614e0925-a4ae-4590-a13c-fb12ed9876fe,INVOICE,Lora Rieder,2010-08-21 14:05:54
SC1,d09cd073-ba20-4de6-80bd-680732b999d6,INVOICE,Francina Bevington,2014-08-13 06:12:09
SC1,aeb1e7a1-e5c8-4f65-b958-07ed17491726,INVOICE,Irene Llanas,2017-07-01 08:05:11
SC1,b8f9436e-399e-489e-841b-7be252fc53bc,INVOICE,Ward Weckerly,2010-04-18 22:46:08
SC1,e4bc5ac0-ee75-4886-8fd0-9101568d923d,INVOICE,Dalila Proehl,2011-08-08 11:37:02
SC1,9c9bacfa-dd16-4840-9396-d91d22039ed9,INVOICE,Roy Ortego,2017-08-16 07:19:00
SC1,03dae987-09ba-49df-ab4a-75bbe70f7726,INVOICE,Cher Ehrmann,2015-02-06 22:49:43
SC1,121e8681-78f6-44a3-a696-ac6f0ce57560,INVOICE,Marita Creagh,2014-06-15 21:30:03
SC1,e1c385cc-8dd2-4e30-b8cb-52769f1a622c,INVOICE,Alvin Malin,2016-08-07 03:58:06
SC1,e1c385cc-8dd2-4e30-b8cb-52769f1a622c,INVOICE,Emilio Sones,2016-08-07 04:39:06
SC1,e9ad1561-e877-4de2-82fd-ce197c9f73c4,INVOICE,Luisa Solar,2010-03-11 13:49:26
SC1,af6ce4f8-815f-4908-b460-e85c5428b537,INVOICE,Marcela Ye,2016-12-18 05:13:03
SC1,98487d76-12db-481b-90fe-81acaa497512,INVOICE,Emmie Schuldt,2013-08-13 01:12:22
SC1,ece0ef80-e205-4645-86f4-83729fc1dda0,INVOICE,Leontine Sifford,2016-08-06 12:38:30
SC1,f3b88b63-2841-4886-8af4-f2ab357a0c0c,INVOICE,Tyree Decastro,2013-10-28 03:01:33
SC1,8a725363-fbcb-4e69-85d6-f908ad5b3f3f,INVOICE,Dominica Kirkley,2018-04-13 08:02:47
SC1,8a725363-fbcb-4e69-85d6-f908ad5b3f3f,INVOICE,Orville Sheilds,2018-04-13 08:22:47
SC1,331ab564-5ae6-4c19-adbb-61ab2770e5da,INVOICE,Bradford Amarante,2011-08-31 13:10:47
SC1,7bb6b0e5-7b32-4fde-97a2-d2d4299e965f,INVOICE,Cherryl Vandine,2019-10-31 17:32:41
SC1,b2bd3fe0-7495-43f4-9385-d699aa195270,INVOICE,Luisa Solar,2016-07-25 23:55:55
SC1,1909703b-6cb3-471f-adaa-3a123b9ba1a5,INVOICE,Tyree Decastro,2014-11-23 22:43:39
SC1,887ddc00-68de-4d13-8dde-6e60cab63277,INVOICE,Kenia Romine,2018-04-12 01:53:59
SC1,ff28e3d1-4d62-449a-a1d8-d90e41b98b82,INVOICE,Lora Rieder,2013-08-13 15:58:20
SC1,4c10a44e-ea03-445e-b8a9-54051266b042,INVOICE,Sharyn Laxton,2011-07-06 19:21:31
SC1,6c6d9144-799d-4b85-af5a-32bc7495d5d1,INVOICE,Jena Jeans,2010-07-15 16:06:31
SC1,6c6d9144-799d-4b85-af5a-32bc7495d5d1,INVOICE,Sharyn Laxton,2010-07-15 16:00:31
SC1,9c20cb60-8dc8-4d60-90b0-b130b214e48d,INVOICE,Rachel Onorato,2011-05-31 15:44:49
SC1,b703d2d3-5592-434b-85df-f9f3c83aadb8,INVOICE,Luisa Solar,2014-09-30 06:29:18
SC1,b4099d41-b549-4547-81b7-cdd002152fa2,INVOICE,Toby Narvaez,2011-09-14 19:01:07
SC1,6268b82c-0ee0-4e0e-82e3-cdd6edac8e6e,INVOICE,Alvin Malin,2017-12-03 13:18:21
SC1,265340e7-a106-432c-8cc6-3e84a1bc30b6,INVOICE,Melissia Kreidler,2013-12-30 09:43:55
SC1,1e2718f9-c468-48df-a641-cbd3aeb332d8,INVOICE,Leontine Sifford,2014-04-07 06:26:24
SC1,4c723bb8-d3b7-4059-ac33-8e342d61ce57,INVOICE,Gloria Ashburn,2017-09-30 22:58:28
SC1,fe3ff5bf-a71f-4b55-8c56-df3f326044a7,INVOICE,Emmie Schuldt,2010-06-27 14:35:12
SC1,d2759c56-cb20-45c7-8485-758f3d5080cf,INVOICE,Kenia Romine,2015-10-30 22:40:10
SC1,0025a1cb-68d5-4125-af27-5c306aca1937,INVOICE,Arletta Landen,2010-08-28 08:46:29
SC1,eac846d7-1f27-47a9-833d-2151a9c09db4,INVOICE,Lavonna Haymon,2012-11-07 10:19:09
SC1,35c4cc56-38a7-48cb-ad63-d629c203483e,INVOICE,Cherryl Vandine,2013-11-17 01:35:50
SC1,c6943655-f8ee-47b2-bf8e-302e27e8b721,INVOICE,Lora Rieder,2019-10-22 03:53:06
SC1,b2a95c99-c746-47b9-9499-0dd1580421dc,INVOICE,Kristen Eckhoff,2012-08-05 10:18:58
SC1,288de4c0-e0c0-4d8d-ae24-26be376bd11b,INVOICE,Orville Sheilds,2011-01-13 16:52:34
SC1,593ace1b-11be-4075-a455-250906bfa743,INVOICE,Roy Ortego,2017-08-16 01:27:59
SC1,096c762a-bce7-4836-b1e4-5a720a32d2a7,INVOICE,Lillian Wheaton,2013-04-27 07:50:34
SC1,d081fa24-dc70-4ab2-be28-9232002e7243,INVOICE,Alvin Malin,2013-06-02 00:19:27
SC1,598c38e9-2f3a-4c75-a20c-00d0b3f5a7f3,INVOICE,Melissia Kreidler,2017-07-07 18:45:06
SC1,302bcf29-d00d-4177-8062-0660f9aace2f,INVOICE,Kristen Eckhoff,2014-04-24 17:58:21
SC1,586a08e7-4042-40e4-9c2b-cbf42992b518,INVOICE,Alfonso Wernick,2012-12-11 19:35:20
SC1,586a08e7-4042-40e4-9c2b-cbf42992b518,INVOICE,Tasia Snelgrove,2012-12-11 19:11:20
SC1,cf8bbeeb-7d01-493b-b7ba-2130c3886894,INVOICE,Alejandro Atwood,2018-01-24 20:17:57
SC1,cc31def4-21d8-4353-b293-6e3f57437cef,INVOICE,Anna Hulings,2017-05-21 22:08:55
SC1,a5fc9565-f478-45e1-acca-062f8ac46ced,INVOICE,Rona Hennis,2010-06-02 11:45:07
SC1,59cf05ec-5ec9-4441-b2f4-e6377d87f768,INVOICE,Lavonna Haymon,2011-02-05 00:54:15
SC1,3feafbc7-5b4e-4bf2-aa65-382c2db36c22,INVOICE,Emilio Sones,2017-03-09 05:56:40
SC1,313a6899-e5fd-424d-a5e4-8f3847639e7b,INVOICE,Lucina Boyers,2018-02-27 23:30:49
SC1,ca0ef260-13aa-4989-8206-bbadb7812887,INVOICE,Cher Ehrmann,2019-11-16 23:16:54
SC1,f5565d91-3161-44d6-928a-43d1f2725114,INVOICE,Francina Bevington,2016-09-10 16:14:58
SC1,92d4cfcc-3fb9-4419-a250-63647a6f1a60,INVOICE,Lawerence Pintor,2012-02-18 13:43:31
SC1,f8e0ac65-b477-4547-ba35-68c8fbf6ffba,INVOICE,Lillian Wheaton,2011-12-31 12:40:54
SC1,9d8f4bb7-c178-43b8-965c-c3a04b939b49,INVOICE,Alfonso Wernick,2017-04-15 19:55:54
SC1,9d8f4bb7-c178-43b8-965c-c3a04b939b49,INVOICE,Margene Hamil,2017-04-15 19:50:54
SC1,205fa6a8-acc6-44d4-981f-b6dd25483f04,INVOICE,Lillian Wheaton,2018-03-25 08:53:03
SC1,b7e08ad2-df24-487b-90c0-4aeade74228e,INVOICE,Suellen Noecker,2011-02-03 10:45:22
SC1,e5eeffa3-0504-48f5-9ac1-52ced80d478f,INVOICE,Jamie Mcclellan,2014-12-27 04:21:17
SC1,7b2b0956-f225-485b-a252-35e0e75f1686,INVOICE,Tyree Decastro,2016-12-21 13:57:30
SC1,5d04665f-5c97-40fe-bf1b-b331e407a3c9,INVOICE,Kenia Romine,2017-01-23 03:33:22
SC1,3e2c428e-dd6e-44be-b1b1-262fe9cdd6d0,INVOICE,Kristen Eckhoff,2009-10-14 19:06:22
SC1,efe333ff-8faf-4cb9-a429-bb9fe657faff,INVOICE,Marcela Ye,2011-12-28 18:45:27
SC1,90f3dc61-72ce-482e-87f4-96e69018135f,INVOICE,BATCH_JOB,2018-08-21 13:04:47
SC1,e4c7b7b0-4d70-4269-b929-c4d6efc9ed16,INVOICE,Alejandro Atwood,2015-08-17 16:45:30
SC1,3537b40b-684b-4a23-9834-38c458809854,INVOICE,Lawerence Pintor,2014-09-10 09:05:24
SC1,a5a36a11-c288-4933-8923-73a46d77771b,INVOICE,Lessie Scheck,2010-05-23 09:35:55
SC1,cfd30fd8-d675-4bdb-86b5-fa4913ed5127,INVOICE,Alejandro Atwood,2019-12-20 11:37:29
SC1,601cd53c-d3d8-49ce-9425-8cc568c43f68,INVOICE,Luisa Solar,2019-05-07 23:53:19
SC1,601cd53c-d3d8-49ce-9425-8cc568c43f68,INVOICE,Suellen Noecker,2019-05-08 00:05:19
SC1,6162cfa5-492f-4bdc-8fc2-4942da7634b9,INVOICE,Emmie Schuldt,2019-11-02 10:26:35
SC1,e24568db-36f7-4d95-a230-190e186e7374,INVOICE,Orville Sheilds,2017-10-25 00:40:48
SC1,2e4dcec2-7f40-4a11-89d3-da2e81be8824,INVOICE,Lillian Wheaton,2016-09-21 14:53:59
SC1,aa3eba0e-9ac4-4c3c-bb23-2c82712c9cbe,INVOICE,Suellen Noecker,2014-05-08 13:43:24
SC1,60827af4-939a-4613-b646-6c7c1d8928dc,INVOICE,Lang Winkler,2012-06-13 11:44:28
SC1,a9513fef-8bbb-435e-b4b1-86ccfc9c702f,INVOICE,Karri Ptacek,2012-11-24 19:55:06
SC1,53f938a3-9349-4b32-af7f-b99656fb86a8,INVOICE,Lavonna Haymon,2015-07-22 17:27:11
SC1,0b8ab329-01df-4f08-866d-72aa5a9f6b42,INVOICE,Suellen Noecker,2016-08-07 18:00:16
SC1,8427daaf-3276-4431-83ee-bface8127c89,INVOICE,Karri Ptacek,2018-09-12 02:11:47
SC1,5ee019b7-e2dd-4066-bee5-f3bd7a3a12bb,INVOICE,Luisa Solar,2012-10-01 22:40:56
SC1,47ddebd6-7d59-4930-8d4f-042f8ebe5827,INVOICE,Emmie Schuldt,2015-08-22 02:33:09
SC1,e646d301-78b8-43cc-b1c9-0437daa6d1d7,INVOICE,Lucina Boyers,2011-11-30 07:41:19
SC1,86ab4680-514c-4261-a8ab-a53487cde147,INVOICE,Rona Hennis,2019-08-23 03:07:01
SC1,1634917b-481b-491b-96ba-a5da0ada211b,INVOICE,Alejandro Atwood,2013-07-02 13:08:09
SC1,89b4e14c-09bf-4151-bdc3-aadebd5e60e7,INVOICE,Kristen Eckhoff,2014-12-31 12:37:01
SC1,c9318886-c0e5-40d2-b72b-04262501b16d,INVOICE,Tyree Decastro,2015-06-20 18:35:30
SC1,8ba8d54f-40d2-44d3-82a0-5012b7e6d417,INVOICE,Felice Cover,2018-05-03 06:56:38
SC1,9b71e70f-7392-4361-8544-fca1cdd323a4,INVOICE,Karri Ptacek,2016-04-18 13:58:10
SC1,21bb2498-bcdf-46aa-b150-a98cb9b72c60,INVOICE,Ward Weckerly,2019-09-16 16:15:46
SC1,1cc0dae1-c432-4fc6-a82f-6f7c0954a7e2,INVOICE,Francina Bevington,2014-02-26 00:30:09
SC1,3c49a383-6a0d-42d0-b420-648f7d5433b3,INVOICE,Cherryl Vandine,2015-07-15 19:31:10
SC1,ee9da657-38df-4da1-b1a1-ca3798638e90,INVOICE,Tasia Snelgrove,2016-01-25 02:08:58
SC1,e509426d-56a3-4766-ad88-4fa61da61843,INVOICE,Tyree Decastro,2016-01-30 05:14:34
SC1,224af027-3ea8-455e-abc5-70e7ed8d8c9c,INVOICE,Lora Rieder,2019-07-28 05:28:10
SC1,a924591a-676c-4ac9-af6f-9ac0c60174e8,INVOICE,Cherryl Vandine,2016-08-17 20:32:50
SC1,e1cb5cda-d961-43f9-821e-d17cca6d9ce9,INVOICE,Dominica Kirkley,2015-05-28 12:19:19
SC1,e1cb5cda-d961-43f9-821e-d17cca6d9ce9,INVOICE,Gloria Ashburn,2015-05-28 12:40:19
SC1,a859cc49-d576-4d68-868c-6b393c01eedd,INVOICE,Tasia Snelgrove,2011-07-31 06:44:05
SC1,e8e325b2-c530-43f0-989e-435d20f45e9e,INVOICE,Lucina Boyers,2010-03-03 19:44:25
SC1,da1919df-f3de-48b8-8519-db312a6b94fd,INVOICE,Alejandro Atwood,2010-12-10 04:55:09
SC1,c4ad204f-7cb0-4f61-b888-cab9d9ec3f0c,INVOICE,Ward Weckerly,2016-12-09 19:02:17
SC1,c0a0137b-6db6-4f05-a74a-f88a21d3b782,INVOICE,Arletta Landen,2016-11-20 15:00:37
SC1,7503077b-1849-4198-bf8c-9ef1cc9606ca,INVOICE,Emilio Sones,2013-01-09 18:59:51
SC1,e777082a-1274-4123-8e2d-fe6d388c9db2,INVOICE,Toby Narvaez,2019-06-14 01:47:47
SC1,22371c71-3a27-46a1-983d-52ba7648e13c,INVOICE,Dalila Proehl,2010-04-12 12:41:13
SC1,cc036b10-aa2d-4b81-bbd7-e702473e448c,INVOICE,Kristen Eckhoff,2014-06-16 16:11:59
SC1,d69b069b-5e38-4d8d-9a39-5e722cbb4aa7,INVOICE,Alejandro Atwood,2010-12-12 02:53:14
SC1,a2e27661-cd98-44f6-a866-ed6fc98e7938,INVOICE,Francina Bevington,2009-11-15 16:49:21
SC1,8ed5a309-3f0a-47d8-9ea4-a06a3cacce2d,INVOICE,Rachel Onorato,2012-08-09 01:50:05
SC1,f05fa9ce-2fbb-497a-b47e-4ac326829566,INVOICE,Alejandro Atwood,2013-04-16 06:52:07
SC1,c42f6d27-0960-4216-a3ce-89bde82bdfa5,INVOICE,Felice Cover,2018-10-23 16:58:57
SC1,950fe010-cb23-4378-880f-e997e09e2f62,INVOICE,Lucina Boyers,2014-09-09 10:13:32
SC1,10335082-ea48-44b2-9fe8-84f810a48299,INVOICE,Margene Hamil,2019-11-14 13:51:50
SC1,31a44b2f-d334-4dad-8c99-7db5be78e2ec,INVOICE,Emilio Sones,2011-11-25 14:20:55
SC1,ca6cb980-bc90-45a2-8a46-e3784b774ac2,INVOICE,Francina Bevington,2010-09-16 05:46:29
SC1,c0ce258b-0717-468f-89f3-da18ee5e7542,INVOICE,Francina Bevington,2010-10-11 03:33:01
SC1,fc868d72-c99e-4b01-bfcd-7f38cec57ad0,INVOICE,Ceola Harry,2018-07-01 00:07:48
SC1,5ac64604-3cb4-42e1-a091-6d3cb8a38687,INVOICE,Suellen Noecker,2018-05-14 06:18:18
SC1,b40c1ef4-6a79-4034-afad-681b042cf8b0,INVOICE,Anna Hulings,2013-11-05 14:21:15
SC1,50759c94-c6e0-4ab5-8b0f-578ee8d2324f,INVOICE,Kenia Romine,2017-06-18 04:54:30
SC1,b8a2eb8a-b29e-4b5a-aa10-919ce069205f,INVOICE,Lora Rieder,2014-12-06 13:24:21
SC1,5c40fe2f-17bb-436e-bbff-0c936fe1fde1,INVOICE,Lang Winkler,2014-05-04 02:42:23
SC1,9e7f0912-b23d-4508-b46c-153814195757,INVOICE,Lucina Boyers,2017-01-07 10:21:42
SC1,c2d26c07-8b42-48f5-94de-e109ff514424,INVOICE,Gloria Ashburn,2010-05-28 03:33:29
SC1,1a0aacc4-0c7d-4731-af09-2be40e55c988,INVOICE,Rachel Onorato,2011-09-03 15:25:05
SC1,9d4509d4-6f0e-4ba1-8b6e-b6e4604736d5,INVOICE,Ward Weckerly,2018-08-16 05:16:26
SC1,1eda65d6-2cf9-4eb1-ab70-8747cb21164d,INVOICE,Yanira Gottfried,2016-09-13 11:42:04
SC1,177552a4-c86a-40fd-8394-9a2b48907026,INVOICE,Emmie Schuldt,2012-09-25 22:34:01
SC1,e17c6f2a-f89d-4397-b0de-127e79f128db,INVOICE,Yanira Gottfried,2015-01-06 00:59:07
SC1,fd532b19-9648-4faf-90de-e2b1198c8f1c,INVOICE,Dalila Proehl,2013-10-28 14:31:48
SC1,bd12e49e-8fc6-4724-89b8-3bccdf04a3c3,INVOICE,Lavonna Haymon,2018-09-16 11:39:28
SC1,b2bc7b90-4a2b-45a5-896d-bfb1dce5b998,INVOICE,Alfonso Wernick,2017-08-22 13:22:37
SC1,9e58ad74-1d95-48ed-99b7-2d88f4d4af90,INVOICE,Emmie Schuldt,2011-10-18 23:34:42
SC1,08b25708-2dd8-490a-87b0-29c106e56470,INVOICE,Margene Hamil,2010-04-08 12:09:26
SC1,a8dc3be2-6e3d-4ca9-add2-88e9aeb7a786,INVOICE,Alfonso Wernick,2019-02-03 09:14:46
SC1,24312be8-59ef-44f9-817f-f300e4016a0f,INVOICE,Marita Creagh,2011-11-09 14:45:52
SC1,323a495d-d4bf-4de6-a957-bc6da1250d7b,INVOICE,Yanira Gottfried,2011-05-10 00:03:58
SC1,7c16b132-5afd-40bb-bc79-4bbe6191f4c8,INVOICE,Sharyn Laxton,2014-01-29 23:26:21
SC1,7c16b132-5afd-40bb-bc79-4bbe6191f4c8,INVOICE,Orville Sheilds,2014-01-29 23:42:21
SC1,13db67e2-7e79-41c8-b0a2-1e06aa86554b,INVOICE,Luisa Solar,2013-05-02 17:46:25
SC1,65e25953-5a98-44bb-8ef3-fd9d36ed13d7,INVOICE,Tasia Snelgrove,2014-09-09 19:55:16
SC1,ded284f9-0eec-442d-835b-5aaada631f9e,INVOICE,Tyree Decastro,2016-10-01 04:19:48
SC1,2e7af37f-8121-4061-a4b4-f385ec1d7159,INVOICE,Marita Creagh,2017-01-25 00:23:49
SC1,52a7debf-0128-4b1e-b08f-546481f44b21,INVOICE,Rona Hennis,2017-12-11 22:23:32
SC1,a15e4b2c-dd8a-4f93-b74d-9e7f4b53fbeb,INVOICE,Dalila Proehl,2018-12-20 16:14:29
SC1,3203f26d-b7db-4c75-a097-4ea394e92061,INVOICE,Lessie Scheck,2009-11-20 06:41:59
SC1,b653ca2e-202a-4acc-aa0f-08a4bfb330d2,INVOICE,Dominica Kirkley,2017-02-23 05:51:24
SC1,d696d221-55d3-416e-b079-0698bf002c84,INVOICE,Alfonso Wernick,2012-07-02 20:17:01
SC1,4d95b6b6-30e5-4f97-b15e-098ded3925eb,INVOICE,Toby Narvaez,2013-05-19 20:10:19
SC1,86225379-0510-45dd-bc49-3181eaac73e2,INVOICE,Alvin Malin,2011-02-23 10:23:31
SC1,618ae049-2cad-4d08-ab7a-f1541db6d8e1,INVOICE,Summer Fusaro,2016-05-02 21:46:04
SC1,577bc250-56a0-40ad-8b06-d51196fbf484,INVOICE,Luisa Solar,2011-06-05 18:16:48
SC1,694bf6ec-7321-4adf-860d-09b01087964f,INVOICE,Irene Llanas,2014-04-14 21:05:11
SC1,0ee5f7ab-8f75-4140-a5b6-62ec4baced7a,INVOICE,Summer Fusaro,2013-05-22 07:54:53
SC1,d6b04d3c-dbea-40f2-bbda-f665f9782d48,INVOICE,Sharyn Laxton,2011-03-27 21:41:57
SC1,27725191-c47b-49a3-b2bd-df999eb5cff3,INVOICE,Lucina Boyers,2011-04-27 22:04:49
SC1,8258475a-df72-49c1-b49c-93a4a6ae4016,INVOICE,Lucina Boyers,2012-03-12 01:08:57
SC1,400a3438-2d15-4835-9677-9c8b33261509,INVOICE,Roy Ortego,2010-04-27 16:28:15
SC1,680b758c-39b2-4f1c-94a7-1a679c7fc11d,INVOICE,Alfonso Wernick,2018-10-12 04:56:01
SC1,4c38b35a-94d6-4f14-93d4-c642c4e972bf,INVOICE,Roy Ortego,2019-10-09 07:54:03
SC1,7227274b-6dd1-449e-a2c7-c975d6cd7741,INVOICE,Dominica Kirkley,2019-01-11 18:08:25
SC1,880ae9f9-84d1-4c36-930e-fd01e41cdfab,INVOICE,Arletta Landen,2018-01-18 12:29:40
SC1,715fd388-e2a0-4402-8302-8be926d30bb1,INVOICE,Kristen Eckhoff,2011-07-04 00:27:35
SC1,a7249412-9bf4-46d3-be58-87e1f47a5227,INVOICE,Lavonna Haymon,2010-04-29 21:25:58
SC1,a65bf894-b7cb-4909-9dbe-b119636b60a3,INVOICE,Yanira Gottfried,2010-11-11 00:55:45
SC1,2b3a13ae-8b68-4c28-bad6-d378ac12777b,INVOICE,Bradford Amarante,2013-09-22 21:42:07
SC1,a0430a04-7e42-41c1-8986-d2588d2e363a,INVOICE,Gloria Ashburn,2014-08-25 09:20:16
SC1,6d0ac8f8-0329-442d-9d0a-170a0f9af600,INVOICE,Yanira Gottfried,2012-08-09 19:51:06
SC1,e5aa54e2-e5fd-4a65-a540-b8f5d1f9b4fe,INVOICE,BATCH_JOB,2019-04-20 00:38:18
SC1,5fd12435-1797-45a4-8a1e-6edf2a9f515c,INVOICE,Alvin Malin,2014-06-06 04:19:22
SC1,197a1384-2e49-40d5-a380-6790795e13c2,INVOICE,Gloria Ashburn,2014-06-15 13:12:24
SC1,6a94e929-2e44-4d6f-9cfe-8838bbcda286,INVOICE,Dominica Kirkley,2017-03-10 12:16:57
SC1,4d9dc54f-3d9a-41b3-8b7c-b8efa2d6263a,INVOICE,Kenia Romine,2012-09-17 11:15:26
SC1,05eceb22-0ac7-4356-b9a6-451fc896af9f,INVOICE,Irene Llanas,2019-07-15 09:42:45
SC1,9d8a18a4-6105-4ab0-987e-483af133c23a,INVOICE,Rachel Onorato,2019-10-28 09:03:53
SC1,9356a4a9-fb85-4dc8-9e60-5113b5d0717e,INVOICE,Anna Hulings,2017-07-18 20:42:12
SC1,12c9d9b3-11c4-4b77-aa97-c5b08f436c04,INVOICE,Jena Jeans,2015-09-26 03:31:34
SC1,12c9d9b3-11c4-4b77-aa97-c5b08f436c04,INVOICE,Yanira Gottfried,2015-09-26 03:12:34
SC1,5f5a0cb2-7102-4360-bf4e-e26126f97f09,INVOICE,Cher Ehrmann,2011-05-12 18:39:39
SC1,facee228-0324-4e95-abd2-5c81887e49a6,INVOICE,Francina Bevington,2013-05-01 18:21:28
SC1,2e67bd31-1aab-4e0b-8157-93e12ca86159,INVOICE,Alfonso Wernick,2016-04-04 09:31:49
SC1,d3e9ef8b-907f-4545-be1b-7b77f8b70a7a,INVOICE,Karri Ptacek,2017-04-02 06:42:04
SC1,bfb8bbdd-4852-40de-92d8-8b60fbf6f6b1,INVOICE,Leontine Sifford,2011-10-09 06:52:11
SC1,bfb8bbdd-4852-40de-92d8-8b60fbf6f6b1,INVOICE,Marcela Ye,2011-10-14 06:52:11
SC1,902c5584-8437-4d5c-a5b1-63a2bac1ddaa,INVOICE,Alfonso Wernick,2011-02-09 04:09:18
SC1,c070ab78-e0db-4497-aeb7-54656115b896,INVOICE,Lucina Boyers,2015-05-24 22:50:52
SC1,1c9ffe4c-c9eb-4667-aa05-62a1556b35b5,INVOICE,Rona Hennis,2017-07-16 16:07:11
SC1,047f6c63-a1a3-436e-8d74-3a3af66b2c74,INVOICE,Suellen Noecker,2013-09-15 06:10:32
SC1,2127e355-53df-4880-bd3b-5e4ae541cf85,INVOICE,BATCH_JOB,2019-07-04 10:00:20
SC1,8555d5d1-435d-4fd4-b0fb-54903c311a6e,INVOICE,Arletta Landen,2019-05-15 14:28:19
SC1,ddfe0183-f3ab-45d6-8291-c4b8d8031f64,INVOICE,Jamie Mcclellan,2012-08-18 04:00:10
SC1,b3f2bc24-37f1-460e-9fc0-0b81cd1005ff,INVOICE,Gloria Ashburn,2017-08-25 04:27:12
SC1,ee106b8c-93d6-43fc-9b28-fbb08de1bf98,INVOICE,Alejandro Atwood,2009-02-17 13:48:48
SC1,2dbd9d10-382f-4bd5-84e9-9ee66fa819ad,INVOICE,Arletta Landen,2017-02-06 17:46:09
SC1,47f8eb2f-da1a-46f2-8a0e-50682a33dce0,INVOICE,Summer Fusaro,2017-09-26 08:23:06
SC1,631dacdb-3aea-44c2-b2e2-363299c95abb,INVOICE,Tyree Decastro,2010-04-20 07:00:15
SC1,0d8bcd7a-7338-461b-86da-4ba46c3c881b,INVOICE,Tyree Decastro,2011-06-20 15:06:36
SC1,2278fd90-3150-4f6c-9e27-d93857415f71,INVOICE,Cher Ehrmann,2009-07-17 21:00:52
SC1,b5133550-a149-4ea5-a0f8-8f8906141787,INVOICE,Lawerence Pintor,2013-09-25 11:16:28
SC1,fa4addae-41a7-4a92-a7cb-345ff5145a3d,INVOICE,Karri Ptacek,2014-04-10 16:42:54
SC1,03dce3a6-8318-4867-ac0f-43bc361b61a1,INVOICE,Lawerence Pintor,2017-02-21 11:17:11
SC1,03dce3a6-8318-4867-ac0f-43bc361b61a1,INVOICE,Yanira Gottfried,2017-03-02 11:17:11
SC1,5597dec9-ddd0-43bd-a956-2b0c2e38043e,INVOICE,Marcela Ye,2009-08-27 05:01:45
SC1,3fccf73d-18a0-4bc2-8037-0df669676b28,INVOICE,Alvin Malin,2019-01-24 21:29:59
SC1,548e3cc2-40fa-4f13-957d-c49b0d299d7d,INVOICE,Rachel Onorato,2010-05-28 17:26:52
SC1,89fb208c-1e11-4886-96fe-5c658eff53b9,INVOICE,Lessie Scheck,2010-03-09 14:01:53
SC1,3a3458dc-1016-40e9-a3fd-cb78a078dcc5,INVOICE,Rachel Onorato,2018-09-19 23:35:22
SC1,11fff564-6a30-4518-bc05-dd4a76d93f36,INVOICE,Alvin Malin,2011-10-22 19:08:55
SC1,415a60e4-21f5-440e-a311-cef241b2e4ea,INVOICE,Rona Hennis,2011-12-13 19:40:55
SC1,43476164-f94e-47ea-959b-e1714e070a5e,INVOICE,Luisa Solar,2012-12-12 10:13:41
SC1,023bde97-fcf0-488e-baef-c2ebb9491f55,INVOICE,Marita Creagh,2017-04-29 00:17:36
SC1,8c7e367f-532e-4954-ba14-22ab485a3af6,INVOICE,Cher Ehrmann,2016-01-30 13:35:20
SC1,0e728360-4561-4180-936a-da492d9b1619,INVOICE,Gloria Ashburn,2018-02-13 23:22:26
SC1,c18f45c7-fca7-4151-962d-4451de6dbe0c,INVOICE,BATCH_JOB,2016-03-18 04:51:00
SC1,c18f45c7-fca7-4151-962d-4451de6dbe0c,INVOICE,Tasia Snelgrove,2016-03-18 04:46:00
SC1,08689a01-5356-4d50-8e32-9d739b703244,INVOICE,BATCH_JOB,2011-06-13 11:37:21
SC1,60368d6a-b425-4217-9d10-92189c6c8db6,INVOICE,Kristen Eckhoff,2014-12-02 00:33:30
SC1,6359d2d2-fc93-4444-b0e4-a49114fbad91,INVOICE,Luisa Solar,2018-05-04 19:13:58
SC1,b2f1eb0c-f3c7-4d3e-a5c0-f633f1470cf6,INVOICE,Gloria Ashburn,2010-12-02 22:03:57
SC1,fed7a22f-ba59-4e10-9f46-4995f2ca350b,INVOICE,Arletta Landen,2012-10-15 22:00:54
SC1,674c9fab-d14c-4f43-8766-23d9f7b8aac3,INVOICE,Gloria Ashburn,2019-04-24 05:27:09
SC1,603ee730-e5fa-47ae-acbd-acab382a87aa,INVOICE,Dominica Kirkley,2014-08-03 21:03:07
SC1,5a39064e-ca19-4dc8-8748-9278331d8fd5,INVOICE,Lucina Boyers,2013-10-21 10:42:22
SC1,b84e53d5-6279-495c-9a18-377907c69081,INVOICE,Orville Sheilds,2012-02-01 08:27:34
SC1,58c895a4-182c-4f9f-a533-cbaf8b69cc2d,INVOICE,BATCH_JOB,2009-12-31 04:16:29
SC1,11c07f18-f235-4f77-b00f-2a5db1916e8f,INVOICE,Roy Ortego,2014-10-01 10:42:54
SC1,11c07f18-f235-4f77-b00f-2a5db1916e8f,INVOICE,Luisa Solar,2014-10-01 10:28:54
SC1,e598de3e-5e89-4069-9ee6-ef491c06a400,INVOICE,Lucina Boyers,2015-11-13 16:12:48
SC1,98a65ce1-6dea-427e-a13c-04ab728e5915,INVOICE,Felice Cover,2009-12-22 15:53:38
SC1,27211188-7199-43be-b26a-eb02d433700c,INVOICE,Lucina Boyers,2019-10-03 02:20:48
SC1,7ae09d47-89c0-4b3f-93c3-db2439219ac9,INVOICE,Alvin Malin,2011-05-09 09:02:01
SC1,b47ed0da-2195-4d65-957c-4afcbbabe9e4,INVOICE,Francina Bevington,2010-09-18 06:39:37
SC1,b35aabb2-c782-4f00-a142-73d109468720,INVOICE,Marita Creagh,2012-11-22 17:17:40
SC1,71d4279d-5781-4bf0-8f45-e6dc60d51c7e,INVOICE,Emilio Sones,2011-02-19 23:22:05
SC1,02b62fec-c916-44de-bd8a-50d762f85686,INVOICE,Emilio Sones,2012-04-27 08:05:05
SC1,d85b7ed8-62ec-47bd-8757-e7c16c65568e,INVOICE,Ceola Harry,2016-11-01 13:44:25
SC1,e684d38e-0625-40d0-af8c-726631223261,INVOICE,Tyree Decastro,2015-12-11 16:57:36
SC1,fc4620eb-a908-4529-a8c6-aaee3caf17ac,INVOICE,Tyree Decastro,2018-01-08 18:32:37
SC1,3e585d56-5974-4a8e-bc2b-7f3d46d967bd,INVOICE,Alvin Malin,2009-05-31 01:59:16
SC1,80770b04-dece-4f6e-9721-73f8a2d37d5f,INVOICE,Lucina Boyers,2013-01-19 18:22:31
SC1,c1a24fef-94f7-419e-9779-263b8d3d219f,INVOICE,Lillian Wheaton,2010-06-29 22:01:40
SC1,c7bd8642-251e-48a0-80c1-f2c309504e74,INVOICE,Luisa Solar,2019-04-08 21:55:15
SC1,c7bd8642-251e-48a0-80c1-f2c309504e74,INVOICE,Irene Llanas,2019-04-08 21:52:15
SC1,dcade6ed-a207-4095-b317-c1d78219a099,INVOICE,Lucina Boyers,2014-02-13 23:28:25
SC1,2c7daa40-b5d2-4ae7-a0f1-073fe9c8eb21,INVOICE,Marita Creagh,2014-09-19 19:01:39
SC1,b02c3d0b-c3cd-4004-8615-35746392dea1,INVOICE,Lora Rieder,2019-01-03 22:44:38
SC1,52718a1e-bf86-429b-b86b-369cf3da0eca,INVOICE,Karri Ptacek,2014-09-06 22:33:11
SC1,40fa8ca2-72d4-4c59-8ad0-d1776814cd19,INVOICE,Lucina Boyers,2013-11-27 02:31:40
SC1,5d6bd47c-b547-4134-a2ef-efe300bd3e6d,INVOICE,Jena Jeans,2015-04-15 05:38:25
SC1,1223279d-c51d-4f8e-8ed3-db5fc3bbcde1,INVOICE,Francina Bevington,2018-10-30 16:37:06
SC1,30165bba-4d29-4d91-ac6d-b416190cf665,INVOICE,Emmie Schuldt,2018-08-06 17:17:09
SC1,606692ed-2278-43b3-8f1b-b0d037097c22,INVOICE,Bradford Amarante,2012-04-30 13:28:18
SC1,bae29da1-8ed0-4d5f-8308-d3d179fb4165,INVOICE,Marita Creagh,2016-09-01 08:04:34
SC1,8bc7c6ff-7767-4323-a8e7-c87cd391b921,INVOICE,Felice Cover,2017-02-03 19:28:33
SC1,7f11be79-9a24-4a37-b163-e31a65be50b9,INVOICE,Lucina Boyers,2012-03-03 18:11:20
SC1,13ba92ff-e0e9-4e3d-bfe1-b02b15a7ecc4,INVOICE,Toby Narvaez,2012-04-20 16:37:08
SC1,3d1f3a1d-6b78-439a-b588-c8f2dbda6632,INVOICE,Karri Ptacek,2015-03-01 03:06:40
SC1,24022935-0089-4e4b-97e2-3b61d05cfb7f,INVOICE,Suellen Noecker,2016-01-01 15:10:12
SC1,0dbdc9e0-eae1-467a-b65c-dbd25015db31,INVOICE,Luisa Solar,2012-02-22 08:06:58
SC1,3f15cd39-1c7a-4b1c-9a52-ba7355cd7044,INVOICE,Rona Hennis,2018-02-12 03:13:18
SC1,07b56df6-1dd4-403d-ac50-1ba5a42ad2f6,INVOICE,Marcela Ye,2015-07-28 03:52:58
SC1,46786da6-1b0a-43d7-a4fa-5c8653029769,INVOICE,Lawerence Pintor,2017-05-15 05:28:13
SC1,b0106ab1-79fe-45a8-ad2d-9a558bba2cc1,INVOICE,Lawerence Pintor,2018-07-11 12:57:50
SC1,c0418a9f-5527-46c5-bf3c-702f937c6960,INVOICE,Lillian Wheaton,2011-01-07 03:24:42
SC1,d3518674-b4f1-4a96-a720-8fd6a444a991,INVOICE,Marita Creagh,2016-04-29 22:52:21
SC1,18dd9091-ffc9-4a6b-adb7-5a2f2f46a21b,INVOICE,Marita Creagh,2015-07-19 20:07:01
SC1,d0bd13ff-8d6e-4426-82c8-ab4789c3d03d,INVOICE,Rona Hennis,2010-03-09 04:03:14
SC1,dd884bcb-80f8-4d04-af0f-a0ac71990414,INVOICE,BATCH_JOB,2017-07-13 06:38:52
SC1,381613c4-53af-49ff-97c6-e5c144962096,INVOICE,Roy Ortego,2015-10-12 23:24:40
SC1,381613c4-53af-49ff-97c6-e5c144962096,INVOICE,Rona Hennis,2015-10-12 23:29:40
SC1,5bbad58f-c255-4c5a-a6c1-b170ddd53acc,INVOICE,Tasia Snelgrove,2013-03-22 04:46:12
SC1,71abefe8-5153-43c3-801a-a77c011784fb,INVOICE,Alvin Malin,2018-08-27 20:51:08
SC1,e8ff3b20-bad4-4c1e-a131-cf39b0bd0496,INVOICE,Arletta Landen,2010-11-24 21:27:00
SC1,5ddba0bb-352f-4d9f-a8f0-f48315498a48,INVOICE,Luisa Solar,2016-11-05 04:21:03
SC1,21f0be67-2139-4a9f-9dd1-287302d2b575,INVOICE,Alfonso Wernick,2013-11-06 19:09:46
SC1,f457e745-c231-4396-a029-bcc3debba558,INVOICE,Kristen Eckhoff,2013-09-10 19:46:38
SC1,8973e269-5ef1-4f48-a89f-946ace5dd6b7,INVOICE,Irene Llanas,2019-04-09 17:05:34
SC1,04c3ecd7-f03e-48d2-a139-5c7e63356bf3,INVOICE,Marcela Ye,2019-07-02 21:31:43
SC1,5a9bf7e9-43b9-4482-a136-b5941062d68d,INVOICE,Lang Winkler,2015-11-21 03:10:02
SC1,1d304e97-9dbf-4bf6-85fe-41dfd0d7a218,INVOICE,Margene Hamil,2014-06-30 09:59:45
SC1,f31ee571-3330-45d5-a59e-fba5a4e502fd,INVOICE,Ward Weckerly,2018-02-01 14:22:23
SC1,ae8b4c20-f149-4e94-a211-c3c9a3078dca,INVOICE,Leontine Sifford,2017-10-09 16:22:47
SC1,4a5f51df-ca65-4d8d-9000-1075b5cfe587,INVOICE,Felice Cover,2013-01-30 17:05:51
SC1,37cb0fb3-d0c3-4475-8914-9dc4df0200c4,INVOICE,Francina Bevington,2010-02-24 02:33:04
SC1,37cb0fb3-d0c3-4475-8914-9dc4df0200c4,INVOICE,Lessie Scheck,2010-03-24 02:33:04
SC1,5ec27a13-71f7-4cf4-b977-430895c36870,INVOICE,Lucina Boyers,2013-08-31 12:07:32
SC1,2d20e3bf-1441-47d7-be23-ba5b5409a289,INVOICE,Lawerence Pintor,2010-12-12 23:19:36
SC1,35cf1fe3-beaf-4f4d-a18a-ec8fc1237fd0,INVOICE,Leontine Sifford,2009-07-27 05:01:57
SC1,22faaf5e-e9fe-46b1-9ebd-24c75cf03bcd,INVOICE,Yanira Gottfried,2018-09-30 16:06:18
SC1,e32bfab7-d563-40f4-996c-85b5a7f2b6d7,INVOICE,Bradford Amarante,2009-07-28 18:14:49
SC1,e32bfab7-d563-40f4-996c-85b5a7f2b6d7,INVOICE,Alejandro Atwood,2009-07-28 17:37:49
SC1,c65e1f46-fa5d-4e4d-8e4b-0bee27a308c4,INVOICE,Tasia Snelgrove,2012-10-08 21:36:28
SC1,131293d0-5954-40c6-b338-ea7f44795c97,INVOICE,Francina Bevington,2010-08-22 08:10:49
SC1,131293d0-5954-40c6-b338-ea7f44795c97,INVOICE,Emmie Schuldt,2010-08-22 07:54:49
SC1,6d1c34dc-b263-4688-8ce6-6003a3cc81fd,INVOICE,Sharyn Laxton,2019-12-29 13:13:46
SC1,4b78caa8-b418-4b68-8d0f-6c9065236040,INVOICE,Gloria Ashburn,2018-03-20 15:26:45
SC1,8f4e2985-db92-4f71-9b4a-6a978ef11de3,INVOICE,Irene Llanas,2010-12-02 03:52:50
SC1,707c13a3-41df-4d04-8cf9-a42cf2a77284,INVOICE,Dominica Kirkley,2011-12-30 09:24:29
SC1,051e04ee-e6d9-424e-a104-d480bcb8b694,INVOICE,Tyree Decastro,2014-04-07 21:08:52
SC1,50df9cf0-7b13-4f05-8741-18ff64be67a5,INVOICE,Leontine Sifford,2010-09-01 16:58:11
SC1,367a0140-067f-487a-ba0f-b5a233741d63,INVOICE,Alfonso Wernick,2012-10-04 14:15:06
SC1,229f18b7-e5ae-4a3a-b02e-7de10837d706,INVOICE,Arletta Landen,2015-06-25 19:39:20
SC1,c496b67b-0ebd-4d12-926f-7400e1e57490,INVOICE,Jena Jeans,2012-03-03 10:59:13
SC1,81daa74a-33c1-4fca-a85c-d52d45af73e1,INVOICE,Irene Llanas,2014-06-15 15:22:46
SC1,07fd014c-92c8-4302-aa76-0ad92834259f,INVOICE,Jamie Mcclellan,2016-03-22 18:38:36
SC1,753712d7-744f-4a9b-871c-9e8b28fd7310,INVOICE,Orville Sheilds,2016-03-13 14:05:42
SC1,fa237e3f-5484-4508-b1d2-3e30e80c0dc9,INVOICE,BATCH_JOB,2014-09-25 16:53:07
SC1,fbd6740f-3548-40c9-bac7-b3ab9ff8f41b,INVOICE,Lang Winkler,2019-10-16 07:15:11
SC1,fbd6740f-3548-40c9-bac7-b3ab9ff8f41b,INVOICE,Emmie Schuldt,2019-10-16 07:36:11
SC1,d1368aac-4548-4e79-828a-a958c351218a,INVOICE,Lavonna Haymon,2016-08-04 04:44:57
SC1,d1368aac-4548-4e79-828a-a958c351218a,INVOICE,Lessie Scheck,2016-08-04 05:21:57
SC1,b1f207e4-1d4c-4a65-a063-970b70105877,INVOICE,Lora Rieder,2017-10-25 12:27:38
SC1,6de908a3-55ae-43fc-9406-513badf36871,INVOICE,Cherryl Vandine,2018-01-08 07:31:28
SC1,f4b5d53c-9e71-4d05-8345-43e82e914230,INVOICE,Luisa Solar,2013-11-21 03:16:17
SC1,12fa827f-9f15-4c49-b492-4859391a5fce,INVOICE,Kristen Eckhoff,2016-08-09 16:37:53
SC1,6b0bfbf9-9ebf-4f96-85cc-4fe1cbb31e9b,INVOICE,Anna Hulings,2012-06-29 03:28:15
SC1,02f75894-75f6-470c-a232-5676cefe49e3,INVOICE,Jena Jeans,2016-01-26 15:30:34
SC1,d26c3913-27e5-4233-ad39-add89c134ba9,INVOICE,Lessie Scheck,2017-02-17 03:20:51
SC1,b23000ec-041b-4d04-8331-40ae72dd48e9,INVOICE,Toby Narvaez,2014-06-16 07:00:19
SC1,3b52a5ec-1d57-4887-b934-2c98c8f68ec2,INVOICE,Arletta Landen,2019-06-26 01:38:09
SC1,80b866b0-3c2b-4ed0-a3f8-40ccda9fd467,INVOICE,Toby Narvaez,2017-03-11 05:13:38
SC1,455a01b4-ff23-4063-b551-1bb8ad2e43ef,INVOICE,Kristen Eckhoff,2019-10-30 09:03:16
SC1,9dd86413-76b2-4fbc-99d5-461860db67db,INVOICE,Melissia Kreidler,2013-03-16 23:30:24
SC1,3ec4b49d-893b-41dd-aaab-ecd03206306a,INVOICE,Bradford Amarante,2019-04-19 00:11:23
SC1,ff14297a-48d9-4199-9011-d4b9514ced85,INVOICE,Toby Narvaez,2019-08-25 01:40:02
SC1,ff14297a-48d9-4199-9011-d4b9514ced85,INVOICE,Lessie Scheck,2019-08-25 01:06:02
SC1,01fb529e-b78b-4a9a-a6db-73a1230b2efa,INVOICE,Kenia Romine,2011-01-01 02:57:05
SC1,c67a850d-3097-4ef3-bed8-112fa21c0089,INVOICE,Ceola Harry,2014-03-25 02:37:05
SC1,b4cbe374-ed86-4eea-ad46-f478588beded,INVOICE,Orville Sheilds,2011-03-01 21:46:36
SC1,c4e5969c-7378-42fe-881b-730ca7ddaf14,INVOICE,Margene Hamil,2012-02-04 09:21:00
SC1,8808d0e7-9396-47b9-999c-69e9bcff5bac,INVOICE,Luisa Solar,2017-11-27 00:55:33
SC1,328b8537-2f86-4ae7-af29-5da410d5b119,INVOICE,Summer Fusaro,2012-10-21 03:47:12
SC1,b3983364-f2f4-45bb-8238-db4e347a6fbd,INVOICE,Ward Weckerly,2015-11-23 02:39:59
SC1,44fc74fa-0197-4d27-93e7-3af20e22dc94,INVOICE,Dalila Proehl,2012-10-05 03:30:38
SC1,e91652ef-a0c3-4760-9ab0-59c936662b55,INVOICE,Lora Rieder,2019-11-23 01:58:21
SC1,75f60c1d-6ed4-4e51-b69d-3cc8b1b21e51,INVOICE,Dominica Kirkley,2010-03-30 18:10:57
SC1,028f34be-bf3c-4191-b180-a5e81af32c1d,INVOICE,Marita Creagh,2017-12-24 17:07:26
SC1,51cf91b0-75c9-4d33-872d-f2cb37b48d9a,INVOICE,Bradford Amarante,2018-07-09 16:55:29
SC1,93e0a450-cf28-4831-b1cc-5cd57ca4cfcb,INVOICE,Emilio Sones,2014-05-19 11:01:01
SC1,a4f8d48e-cc34-43ac-924c-0c35d749546a,INVOICE,Dalila Proehl,2017-03-13 22:49:13
SC1,0c995f0b-b79f-4409-9c3d-cf3e4da22632,INVOICE,Yanira Gottfried,2014-08-16 12:48:36
SC1,6e085408-7097-461a-a6a6-badce0deb0e1,INVOICE,Emmie Schuldt,2018-07-17 19:23:37
SC1,405578db-30c7-458d-a4a2-a2bd21477c77,INVOICE,Lucina Boyers,2015-06-21 17:54:39
SC1,cc4c1240-ada3-4d84-91d8-8a5aa0f847e1,INVOICE,Irene Llanas,2013-08-19 08:05:39
SC1,480564d1-6ee6-4e3d-8003-bfcd00de90e7,INVOICE,Orville Sheilds,2011-04-13 03:12:02
SC1,da9b52b7-b305-4eac-b9dd-da11118e38fc,INVOICE,BATCH_JOB,2017-03-09 17:11:51
SC1,90c2252b-74e8-4de7-a2a0-9b82ceee1ab7,INVOICE,Melissia Kreidler,2017-08-26 01:11:29
SC1,7962dbdc-568c-4c6e-bb27-bbd6966b89a2,INVOICE,Kristen Eckhoff,2011-06-03 22:58:20
SC1,7962dbdc-568c-4c6e-bb27-bbd6966b89a2,INVOICE,Sharyn Laxton,2011-06-03 23:16:20
SC1,2538db64-7e7d-4100-a638-04d08d5fc2b1,INVOICE,Tasia Snelgrove,2018-05-23 11:44:29
